{"type":"FeatureCollection","name":"Cleveland pilot ZCTAs","source":"U.S. Census Bureau TIGERweb ACS2025, 2020 Census ZIP Code Tabulation Areas","features":[{"type":"Feature","geometry":{"type":"Polygon","coordinates":[[[-82.20302,41.45949],[-82.20241,41.45875],[-82.20237,41.45862],[-82.20236,41.45797],[-82.20287,41.45798],[-82.20288,41.45789],[-82.20286,41.45727],[-82.20288,41.45563],[-82.2029,41.4548],[-82.2028,41.45271],[-82.20233,41.45281],[-82.20233,41.45241],[-82.20232,41.45186],[-82.20231,41.45102],[-82.20231,41.45083],[-82.20233,41.44885],[-82.20233,41.44864],[-82.20235,41.44762],[-82.20244,41.44402],[-82.20249,41.44169],[-82.2006,41.4417],[-82.20024,41.4417],[-82.20024,41.44216],[-82.19943,41.44216],[-82.19936,41.4421],[-82.19929,41.44216],[-82.19888,41.44217],[-82.19797,41.44217],[-82.19797,41.44247],[-82.19772,41.44247],[-82.19772,41.4422],[-82.19685,41.44219],[-82.19375,41.44218],[-82.18998,41.44218],[-82.18997,41.44173],[-82.18967,41.44173],[-82.18937,41.44219],[-82.18601,41.44218],[-82.18601,41.44173],[-82.18533,41.44173],[-82.18534,41.44067],[-82.18536,41.43965],[-82.18537,41.43935],[-82.18538,41.43876],[-82.18539,41.43781],[-82.18541,41.43697],[-82.18541,41.43679],[-82.18543,41.43605],[-82.18544,41.43522],[-82.18544,41.43507],[-82.18546,41.43439],[-82.18547,41.43379],[-82.18547,41.4337],[-82.18547,41.4336],[-82.18547,41.43349],[-82.18485,41.43349],[-82.18402,41.4335],[-82.18407,41.43136],[-82.18476,41.43136],[-82.18477,41.43125],[-82.18478,41.43105],[-82.1842,41.43104],[-82.18408,41.43103],[-82.18405,41.42989],[-82.18401,41.42988],[-82.18398,41.42987],[-82.18398,41.42985],[-82.18399,41.42982],[-82.18399,41.42977],[-82.18398,41.42971],[-82.184,41.42959],[-82.18401,41.42955],[-82.18405,41.42949],[-82.18404,41.42944],[-82.18401,41.42942],[-82.18383,41.4294],[-82.18361,41.42934],[-82.18351,41.42932],[-82.18348,41.42932],[-82.18345,41.42934],[-82.18339,41.42934],[-82.18335,41.42935],[-82.1833,41.42934],[-82.18321,41.42935],[-82.1831,41.42934],[-82.18305,41.42933],[-82.1835,41.42929],[-82.18331,41.42133],[-82.18328,41.41993],[-82.18488,41.41992],[-82.18488,41.41886],[-82.18573,41.41886],[-82.18574,41.41858],[-82.18575,41.41824],[-82.1846,41.41824],[-82.18133,41.42032],[-82.17946,41.42152],[-82.17928,41.42164],[-82.17919,41.42169],[-82.17887,41.4219],[-82.17964,41.42277],[-82.17904,41.42283],[-82.17909,41.4247],[-82.17913,41.42472],[-82.17914,41.42474],[-82.17912,41.42475],[-82.17904,41.4248],[-82.17914,41.42508],[-82.17913,41.42638],[-82.17802,41.42321],[-82.17711,41.42342],[-82.17684,41.42291],[-82.17635,41.42311],[-82.17304,41.42442],[-82.17281,41.42451],[-82.1726,41.42457],[-82.17237,41.42461],[-82.17214,41.42464],[-82.1719,41.42466],[-82.16996,41.42472],[-82.1693,41.42475],[-82.1682,41.42478],[-82.16745,41.42481],[-82.16728,41.42482],[-82.16727,41.42529],[-82.16727,41.42551],[-82.16655,41.42554],[-82.16655,41.42484],[-82.16633,41.42485],[-82.16631,41.42485],[-82.16552,41.42491],[-82.16462,41.42498],[-82.1643,41.425],[-82.16407,41.425],[-82.16392,41.42497],[-82.16361,41.42488],[-82.16358,41.42487],[-82.16341,41.42481],[-82.16323,41.42472],[-82.16274,41.42446],[-82.16274,41.42444],[-82.16275,41.42399],[-82.1636,41.42399],[-82.16364,41.42272],[-82.16346,41.42272],[-82.16348,41.4218],[-82.1636,41.41817],[-82.16286,41.41817],[-82.16134,41.41816],[-82.16135,41.41901],[-82.16108,41.41901],[-82.16105,41.41973],[-82.16071,41.41974],[-82.16071,41.42054],[-82.16176,41.42055],[-82.16175,41.42177],[-82.16156,41.42177],[-82.16155,41.42221],[-82.16174,41.42223],[-82.16173,41.42287],[-82.16171,41.42386],[-82.16199,41.42403],[-82.16199,41.42467],[-82.16169,41.42466],[-82.1617,41.42431],[-82.16101,41.42459],[-82.16089,41.42442],[-82.1602,41.42463],[-82.15954,41.42484],[-82.1596,41.4233],[-82.15962,41.42298],[-82.15952,41.42298],[-82.15952,41.42291],[-82.15944,41.42287],[-82.15949,41.42238],[-82.15925,41.42222],[-82.15888,41.42197],[-82.15848,41.42237],[-82.15863,41.42247],[-82.15835,41.42298],[-82.15831,41.42401],[-82.15836,41.42484],[-82.15781,41.42483],[-82.15785,41.42509],[-82.158,41.42604],[-82.15814,41.427],[-82.15831,41.42804],[-82.15847,41.42907],[-82.15862,41.43009],[-82.15878,41.43106],[-82.15888,41.43173],[-82.15917,41.43188],[-82.15924,41.43191],[-82.1606,41.43195],[-82.16059,41.43228],[-82.16094,41.43229],[-82.16096,41.43243],[-82.16113,41.43244],[-82.16112,41.43257],[-82.16175,41.43259],[-82.16179,41.43299],[-82.162,41.433],[-82.16208,41.43348],[-82.16206,41.4339],[-82.16186,41.4339],[-82.16185,41.43409],[-82.16139,41.43408],[-82.16138,41.43414],[-82.16119,41.43506],[-82.16068,41.43733],[-82.16238,41.4373],[-82.16364,41.43726],[-82.16527,41.43724],[-82.16665,41.43722],[-82.16803,41.4372],[-82.16844,41.4372],[-82.16907,41.43719],[-82.16909,41.43719],[-82.16908,41.43746],[-82.16984,41.43749],[-82.17024,41.43749],[-82.17147,41.4375],[-82.17145,41.43877],[-82.17143,41.44003],[-82.17142,41.44129],[-82.17234,41.4413],[-82.17233,41.44212],[-82.17271,41.44212],[-82.17272,41.44261],[-82.17148,41.4426],[-82.17165,41.44362],[-82.17181,41.4445],[-82.17196,41.44538],[-82.17203,41.44581],[-82.17211,41.44627],[-82.17203,41.44628],[-82.17143,41.44634],[-82.17136,41.4459],[-82.17064,41.44597],[-82.17068,41.44622],[-82.17053,41.44624],[-82.17058,41.44642],[-82.17013,41.44646],[-82.17014,41.44652],[-82.16964,41.44657],[-82.16955,41.44612],[-82.1686,41.44623],[-82.16864,41.44647],[-82.16847,41.44648],[-82.16853,41.44668],[-82.16806,41.44672],[-82.16741,41.44679],[-82.16733,41.44635],[-82.16592,41.44648],[-82.16584,41.44601],[-82.16515,41.44608],[-82.16499,41.44516],[-82.16497,41.44504],[-82.16426,41.44505],[-82.16457,41.44677],[-82.16503,41.44956],[-82.16511,41.45009],[-82.164,41.45018],[-82.16395,41.44991],[-82.16367,41.44993],[-82.16363,41.4497],[-82.16325,41.44974],[-82.16316,41.44951],[-82.16167,41.44948],[-82.16165,41.45052],[-82.16163,41.45118],[-82.16198,41.45156],[-82.16163,41.45155],[-82.16155,41.45146],[-82.16136,41.45127],[-82.16128,41.4512],[-82.16116,41.45108],[-82.16104,41.45096],[-82.16092,41.45081],[-82.1608,41.45067],[-82.16071,41.45058],[-82.1605,41.45041],[-82.16029,41.45024],[-82.16009,41.45007],[-82.15988,41.4499],[-82.15898,41.44916],[-82.15858,41.44884],[-82.15799,41.44836],[-82.1579,41.44829],[-82.15782,41.4482],[-82.15709,41.44737],[-82.1569,41.44716],[-82.15683,41.44708],[-82.15676,41.447],[-82.15666,41.44691],[-82.15637,41.44671],[-82.15627,41.44665],[-82.15599,41.44651],[-82.15583,41.44644],[-82.15566,41.44639],[-82.1555,41.44635],[-82.15527,41.4463],[-82.15503,41.44627],[-82.15477,41.44625],[-82.15432,41.44625],[-82.15062,41.44631],[-82.14966,41.44633],[-82.14681,41.44637],[-82.14623,41.44638],[-82.14492,41.44639],[-82.14483,41.44639],[-82.14472,41.44638],[-82.14461,41.44637],[-82.14442,41.44635],[-82.144,41.4463],[-82.14374,41.44629],[-82.14145,41.44632],[-82.13791,41.44638],[-82.13732,41.44639],[-82.13699,41.44641],[-82.13674,41.44642],[-82.13534,41.44644],[-82.1349,41.44645],[-82.13488,41.44643],[-82.13477,41.44643],[-82.13391,41.44658],[-82.13333,41.44669],[-82.1324,41.44677],[-82.12958,41.44682],[-82.124,41.4469],[-82.12,41.44695],[-82.11864,41.44699],[-82.1176,41.44701],[-82.11277,41.44706],[-82.10959,41.44712],[-82.10877,41.44714],[-82.10834,41.44714],[-82.10812,41.44715],[-82.10815,41.44778],[-82.1083,41.44844],[-82.10861,41.44914],[-82.10896,41.44961],[-82.10957,41.45012],[-82.11024,41.45064],[-82.11084,41.45122],[-82.11164,41.45204],[-82.11195,41.45246],[-82.11254,41.45325],[-82.11293,41.45383],[-82.11321,41.45471],[-82.11338,41.45548],[-82.11362,41.45789],[-82.11428,41.45822],[-82.11506,41.45842],[-82.11571,41.45852],[-82.11632,41.45849],[-82.11733,41.45826],[-82.11821,41.45807],[-82.11885,41.45809],[-82.11954,41.4583],[-82.12001,41.45861],[-82.12039,41.459],[-82.12072,41.45942],[-82.1211,41.45985],[-82.12171,41.46024],[-82.12316,41.46098],[-82.12382,41.46118],[-82.12426,41.4613],[-82.12464,41.46135],[-82.12486,41.46135],[-82.12513,41.46131],[-82.12558,41.46123],[-82.12605,41.46115],[-82.12651,41.46106],[-82.12692,41.46087],[-82.12729,41.46066],[-82.1277,41.46034],[-82.12799,41.46006],[-82.1281,41.45984],[-82.12832,41.45931],[-82.12835,41.45924],[-82.12852,41.4589],[-82.12884,41.45834],[-82.129,41.45812],[-82.12955,41.45809],[-82.12955,41.45807],[-82.12961,41.45804],[-82.12965,41.45804],[-82.12972,41.45803],[-82.12974,41.45803],[-82.12977,41.45802],[-82.1298,41.458],[-82.12981,41.45799],[-82.12986,41.45797],[-82.1299,41.45797],[-82.12992,41.45797],[-82.12996,41.45792],[-82.12999,41.45791],[-82.13001,41.45791],[-82.13006,41.45789],[-82.13013,41.45787],[-82.13015,41.45787],[-82.13017,41.45786],[-82.13018,41.45785],[-82.13022,41.45785],[-82.13034,41.45782],[-82.13037,41.4578],[-82.13041,41.45776],[-82.13046,41.45774],[-82.13049,41.45774],[-82.13057,41.45772],[-82.13066,41.45772],[-82.13069,41.4577],[-82.13071,41.4577],[-82.13077,41.45769],[-82.1308,41.45769],[-82.13082,41.45769],[-82.13083,41.45767],[-82.13086,41.45766],[-82.13091,41.45764],[-82.13096,41.45763],[-82.13101,41.45763],[-82.13102,41.45762],[-82.13109,41.45762],[-82.13112,41.45761],[-82.13119,41.45759],[-82.13123,41.45757],[-82.13124,41.45755],[-82.13127,41.45754],[-82.13128,41.45752],[-82.13133,41.45751],[-82.13139,41.4575],[-82.13146,41.4575],[-82.13149,41.45749],[-82.13162,41.45744],[-82.13138,41.46199],[-82.13119,41.46448],[-82.13091,41.47492],[-82.13069,41.47722],[-82.13065,41.47758],[-82.13037,41.47861],[-82.13037,41.47863],[-82.13054,41.47862],[-82.13108,41.47861],[-82.13087,41.48405],[-82.13067,41.48411],[-82.13065,41.48509],[-82.13054,41.48508],[-82.13041,41.48511],[-82.13031,41.48515],[-82.13022,41.4852],[-82.13012,41.48522],[-82.13007,41.48522],[-82.13008,41.48992],[-82.13409,41.48793],[-82.14474,41.48317],[-82.15369,41.47908],[-82.16582,41.4757],[-82.16712,41.47534],[-82.16943,41.47469],[-82.17218,41.47572],[-82.17395,41.47586],[-82.17816,41.47788],[-82.18354,41.47777],[-82.19069,41.47762],[-82.19278,41.47047],[-82.19331,41.46969],[-82.19497,41.46724],[-82.19995,41.46463],[-82.19981,41.46178],[-82.19979,41.46155],[-82.19974,41.46025],[-82.19959,41.46006],[-82.20011,41.45982],[-82.20126,41.45929],[-82.20143,41.4595],[-82.20146,41.45954],[-82.20148,41.45959],[-82.20148,41.46021],[-82.20302,41.45949]]]},"properties":{"ZCTA5":"44052","GEOID":"44052","CENTLAT":"+41.4568652","CENTLON":"-082.1621705"}},{"type":"Feature","geometry":{"type":"Polygon","coordinates":[[[-81.45911,41.58834],[-81.45914,41.58834],[-81.4591,41.58776],[-81.45909,41.58733],[-81.45907,41.586],[-81.45905,41.5841],[-81.45905,41.58367],[-81.45905,41.58362],[-81.45905,41.5836],[-81.45904,41.58356],[-81.45905,41.58354],[-81.45905,41.58351],[-81.45905,41.58349],[-81.45905,41.58345],[-81.45905,41.5834],[-81.45904,41.58266],[-81.45901,41.5801],[-81.45901,41.57995],[-81.459,41.57904],[-81.45868,41.57906],[-81.45818,41.57917],[-81.45813,41.57918],[-81.45808,41.57922],[-81.458,41.57945],[-81.45792,41.57955],[-81.45784,41.57956],[-81.45783,41.57919],[-81.45473,41.57918],[-81.4537,41.57918],[-81.45306,41.57917],[-81.45303,41.57656],[-81.45302,41.57534],[-81.45271,41.57533],[-81.4502,41.57528],[-81.4502,41.57457],[-81.44916,41.57456],[-81.44919,41.57448],[-81.44918,41.57437],[-81.44923,41.57424],[-81.44929,41.57411],[-81.44925,41.57397],[-81.449,41.57373],[-81.44885,41.57346],[-81.44886,41.57321],[-81.44882,41.57315],[-81.44876,41.57319],[-81.44868,41.57321],[-81.44864,41.5732],[-81.44861,41.57319],[-81.44854,41.57305],[-81.44844,41.57298],[-81.4484,41.57293],[-81.44843,41.57281],[-81.44847,41.57276],[-81.44848,41.57272],[-81.4485,41.57266],[-81.44855,41.57259],[-81.44855,41.57254],[-81.44847,41.57252],[-81.44831,41.5726],[-81.44824,41.57262],[-81.44818,41.57263],[-81.44816,41.57263],[-81.44819,41.5722],[-81.44827,41.57091],[-81.4483,41.57048],[-81.44821,41.57046],[-81.44811,41.57044],[-81.44796,41.5704],[-81.44766,41.57034],[-81.44765,41.56996],[-81.44735,41.56996],[-81.44728,41.56996],[-81.44716,41.56997],[-81.44706,41.56997],[-81.44685,41.57002],[-81.4465,41.5701],[-81.44646,41.56995],[-81.44552,41.56993],[-81.445,41.56992],[-81.445,41.57039],[-81.44499,41.57182],[-81.44498,41.5723],[-81.44497,41.57307],[-81.44496,41.57315],[-81.44495,41.57322],[-81.44493,41.57327],[-81.4449,41.57333],[-81.44486,41.57338],[-81.44482,41.57342],[-81.44475,41.57348],[-81.44469,41.57352],[-81.44457,41.57358],[-81.4444,41.57361],[-81.4443,41.57362],[-81.44408,41.57363],[-81.44157,41.57363],[-81.44138,41.57362],[-81.4413,41.57361],[-81.44121,41.57358],[-81.44114,41.57355],[-81.44103,41.57347],[-81.44099,41.57342],[-81.44096,41.57337],[-81.44094,41.57332],[-81.44093,41.57328],[-81.44092,41.57311],[-81.44091,41.57281],[-81.44092,41.57273],[-81.44094,41.57266],[-81.44092,41.57202],[-81.44092,41.57109],[-81.44089,41.57107],[-81.44089,41.56988],[-81.43931,41.56987],[-81.4389,41.56987],[-81.43849,41.56988],[-81.43782,41.56975],[-81.437,41.56973],[-81.43439,41.57013],[-81.43353,41.56995],[-81.43204,41.56995],[-81.43194,41.56995],[-81.42153,41.56995],[-81.41994,41.56995],[-81.41763,41.56967],[-81.41714,41.56969],[-81.41437,41.56968],[-81.41312,41.56967],[-81.41311,41.56967],[-81.41282,41.56967],[-81.41279,41.56967],[-81.41273,41.56968],[-81.41264,41.56968],[-81.40899,41.56985],[-81.39101,41.56972],[-81.39099,41.56972],[-81.38939,41.56973],[-81.38821,41.56974],[-81.38814,41.56974],[-81.38596,41.56976],[-81.38577,41.56976],[-81.37987,41.56981],[-81.37708,41.56984],[-81.37622,41.56984],[-81.37438,41.56986],[-81.36458,41.56995],[-81.36281,41.57002],[-81.3627,41.57002],[-81.36159,41.57004],[-81.35524,41.57009],[-81.35448,41.57009],[-81.34886,41.57014],[-81.34884,41.57014],[-81.34874,41.57014],[-81.34593,41.57014],[-81.34332,41.57014],[-81.33412,41.57015],[-81.32876,41.57016],[-81.32817,41.57016],[-81.32808,41.57016],[-81.32801,41.57016],[-81.32793,41.57016],[-81.32786,41.57016],[-81.32517,41.57016],[-81.32504,41.57015],[-81.32303,41.57014],[-81.31418,41.57007],[-81.31099,41.57005],[-81.31095,41.57005],[-81.31053,41.57004],[-81.30552,41.57003],[-81.30491,41.57014],[-81.30443,41.57013],[-81.29588,41.56995],[-81.29564,41.57641],[-81.29564,41.57643],[-81.29562,41.57744],[-81.29562,41.57745],[-81.29557,41.58175],[-81.29541,41.58797],[-81.29541,41.58808],[-81.2954,41.58819],[-81.29542,41.58823],[-81.2954,41.58827],[-81.2954,41.58841],[-81.29539,41.58856],[-81.29539,41.58881],[-81.29538,41.58892],[-81.29538,41.58906],[-81.29533,41.59192],[-81.29527,41.59509],[-81.29527,41.59532],[-81.29527,41.59534],[-81.29526,41.59547],[-81.29526,41.59561],[-81.29525,41.59579],[-81.29525,41.59593],[-81.29524,41.59609],[-81.29524,41.59612],[-81.29524,41.59618],[-81.29513,41.5962],[-81.29498,41.59618],[-81.29443,41.59664],[-81.29055,41.5999],[-81.29148,41.60197],[-81.29084,41.60497],[-81.29172,41.60576],[-81.29203,41.60627],[-81.28825,41.60738],[-81.28596,41.60729],[-81.28687,41.6081],[-81.28599,41.61161],[-81.28461,41.61413],[-81.28247,41.61689],[-81.28278,41.61716],[-81.28332,41.61624],[-81.28466,41.61464],[-81.28794,41.61507],[-81.29051,41.61542],[-81.29064,41.61542],[-81.29256,41.61549],[-81.29501,41.61549],[-81.29559,41.61548],[-81.29567,41.61548],[-81.29654,41.61548],[-81.29718,41.61549],[-81.29764,41.61549],[-81.29805,41.61549],[-81.29829,41.61549],[-81.30037,41.61548],[-81.30507,41.61546],[-81.3066,41.61546],[-81.30868,41.61545],[-81.30873,41.6157],[-81.30882,41.61618],[-81.30888,41.61646],[-81.30893,41.61672],[-81.30898,41.61754],[-81.30913,41.61989],[-81.30926,41.61989],[-81.31008,41.61984],[-81.31132,41.61984],[-81.31227,41.61983],[-81.3147,41.61982],[-81.31492,41.61982],[-81.3188,41.62025],[-81.3198,41.62036],[-81.32097,41.62049],[-81.3213,41.62004],[-81.32227,41.6187],[-81.32246,41.61845],[-81.3226,41.61826],[-81.32427,41.61854],[-81.32454,41.61858],[-81.32464,41.62233],[-81.32473,41.6234],[-81.32488,41.6251],[-81.32489,41.62591],[-81.32495,41.62817],[-81.32511,41.62817],[-81.32592,41.62815],[-81.32622,41.62815],[-81.32688,41.62815],[-81.32726,41.62814],[-81.32977,41.62814],[-81.33074,41.62813],[-81.33539,41.62815],[-81.34655,41.62818],[-81.34885,41.62964],[-81.34903,41.62975],[-81.34909,41.63],[-81.34925,41.63063],[-81.34926,41.63067],[-81.34928,41.63071],[-81.34953,41.63289],[-81.34962,41.63287],[-81.34975,41.63286],[-81.35037,41.63278],[-81.35043,41.63277],[-81.35066,41.63274],[-81.35236,41.63253],[-81.3525,41.63251],[-81.35399,41.63233],[-81.3542,41.6323],[-81.35447,41.63223],[-81.35467,41.63217],[-81.3548,41.63211],[-81.35495,41.63204],[-81.3552,41.63188],[-81.35592,41.63138],[-81.35632,41.6311],[-81.35642,41.63104],[-81.35657,41.63096],[-81.35672,41.63091],[-81.35683,41.63089],[-81.35694,41.63087],[-81.35706,41.63086],[-81.35717,41.63086],[-81.35761,41.6309],[-81.35768,41.6309],[-81.35778,41.6309],[-81.35789,41.63089],[-81.35805,41.63086],[-81.35918,41.63052],[-81.35948,41.63044],[-81.35953,41.63061],[-81.35962,41.63083],[-81.35978,41.63112],[-81.35991,41.63139],[-81.35997,41.63156],[-81.35998,41.63166],[-81.35997,41.63173],[-81.35993,41.63187],[-81.35985,41.63206],[-81.35981,41.63213],[-81.35977,41.63222],[-81.35976,41.63222],[-81.35971,41.63229],[-81.3597,41.6323],[-81.35968,41.63232],[-81.35966,41.63234],[-81.35963,41.63235],[-81.35927,41.63253],[-81.35895,41.63269],[-81.35841,41.63295],[-81.35807,41.63313],[-81.35802,41.63316],[-81.35796,41.63318],[-81.35784,41.63323],[-81.3575,41.63333],[-81.35716,41.63346],[-81.35699,41.63353],[-81.35681,41.63363],[-81.35657,41.6338],[-81.35651,41.63387],[-81.35647,41.63394],[-81.35645,41.63401],[-81.35644,41.63411],[-81.35645,41.63416],[-81.35647,41.63424],[-81.35652,41.63433],[-81.35664,41.63451],[-81.35671,41.63468],[-81.35673,41.63475],[-81.35673,41.63491],[-81.35669,41.63523],[-81.35658,41.63582],[-81.3565,41.63618],[-81.35648,41.63625],[-81.35647,41.63631],[-81.3563,41.63714],[-81.35625,41.63728],[-81.35618,41.63742],[-81.35591,41.63777],[-81.35578,41.63793],[-81.35568,41.63806],[-81.3555,41.63831],[-81.35533,41.63853],[-81.35498,41.63899],[-81.35427,41.63994],[-81.35401,41.6403],[-81.35393,41.64042],[-81.3544,41.64041],[-81.35582,41.6404],[-81.35629,41.64039],[-81.35925,41.6406],[-81.36227,41.64081],[-81.36814,41.64041],[-81.3711,41.64021],[-81.37201,41.64034],[-81.37214,41.64037],[-81.37235,41.64042],[-81.37254,41.64069],[-81.37406,41.64088],[-81.37443,41.64109],[-81.37487,41.64134],[-81.37531,41.64132],[-81.37663,41.64128],[-81.37707,41.64127],[-81.37785,41.64132],[-81.37939,41.64143],[-81.38017,41.64148],[-81.38094,41.64153],[-81.38087,41.64347],[-81.38087,41.6435],[-81.38115,41.64353],[-81.38075,41.64914],[-81.38062,41.65096],[-81.38085,41.65082],[-81.38198,41.65015],[-81.38257,41.6498],[-81.38281,41.64967],[-81.38284,41.64965],[-81.38319,41.64947],[-81.38341,41.64935],[-81.38381,41.64915],[-81.38404,41.64903],[-81.38424,41.64894],[-81.38492,41.64863],[-81.38674,41.64778],[-81.38714,41.64759],[-81.38835,41.64703],[-81.38876,41.64684],[-81.38879,41.64733],[-81.38889,41.64881],[-81.38893,41.6493],[-81.38893,41.64938],[-81.38895,41.64962],[-81.38895,41.64971],[-81.38911,41.64963],[-81.38935,41.64951],[-81.38948,41.64945],[-81.38984,41.64928],[-81.3903,41.64908],[-81.39055,41.64898],[-81.39082,41.64887],[-81.39095,41.64882],[-81.39095,41.64885],[-81.39095,41.6489],[-81.39094,41.65044],[-81.39089,41.6553],[-81.39087,41.65667],[-81.39087,41.65692],[-81.39087,41.65696],[-81.39086,41.65711],[-81.39086,41.65715],[-81.39086,41.65743],[-81.39087,41.65826],[-81.39087,41.65853],[-81.39087,41.65944],[-81.39086,41.66215],[-81.39086,41.66305],[-81.39082,41.66363],[-81.39071,41.66539],[-81.39067,41.66597],[-81.39053,41.66667],[-81.39011,41.66878],[-81.38997,41.66948],[-81.38996,41.66958],[-81.38995,41.66987],[-81.38994,41.66996],[-81.38993,41.67006],[-81.38991,41.67035],[-81.3899,41.67045],[-81.38988,41.6707],[-81.38983,41.67145],[-81.38982,41.6717],[-81.38983,41.67195],[-81.38988,41.67271],[-81.3899,41.67296],[-81.3899,41.67323],[-81.38994,41.67403],[-81.38995,41.67429],[-81.38991,41.67475],[-81.38982,41.67613],[-81.38979,41.67658],[-81.38978,41.67694],[-81.38976,41.67802],[-81.38976,41.67821],[-81.38963,41.67833],[-81.38956,41.68087],[-81.38953,41.6817],[-81.38943,41.68229],[-81.3895,41.68247],[-81.38953,41.68259],[-81.3895,41.68314],[-81.38949,41.68326],[-81.38949,41.68337],[-81.38934,41.68586],[-81.38944,41.68646],[-81.38944,41.68651],[-81.38935,41.68847],[-81.38927,41.6904],[-81.38925,41.69069],[-81.38924,41.69102],[-81.38922,41.69181],[-81.38918,41.69342],[-81.38916,41.69418],[-81.38913,41.69497],[-81.389,41.69891],[-81.389,41.69946],[-81.38897,41.69994],[-81.38894,41.70059],[-81.38891,41.70096],[-81.3889,41.70136],[-81.38888,41.70184],[-81.38886,41.70234],[-81.38886,41.70247],[-81.38884,41.70347],[-81.38882,41.70386],[-81.3888,41.70436],[-81.3888,41.7044],[-81.38879,41.70457],[-81.38877,41.70497],[-81.38877,41.70509],[-81.38876,41.70526],[-81.38874,41.70552],[-81.38866,41.7063],[-81.38863,41.70656],[-81.38863,41.70726],[-81.3887,41.70723],[-81.38947,41.7069],[-81.38963,41.70679],[-81.39021,41.70649],[-81.39057,41.70627],[-81.39058,41.70624],[-81.39071,41.70616],[-81.3909,41.70604],[-81.39102,41.70591],[-81.39117,41.70573],[-81.39123,41.70565],[-81.39138,41.70554],[-81.39157,41.70538],[-81.39192,41.70509],[-81.39203,41.70505],[-81.39213,41.70501],[-81.39227,41.70496],[-81.39257,41.70479],[-81.39304,41.70454],[-81.39337,41.70439],[-81.39387,41.70411],[-81.3944,41.70384],[-81.39469,41.70366],[-81.39512,41.70329],[-81.39527,41.70319],[-81.39556,41.70302],[-81.39589,41.70292],[-81.39599,41.70287],[-81.39616,41.70269],[-81.39631,41.70263],[-81.39649,41.7025],[-81.39673,41.70233],[-81.39686,41.70217],[-81.39697,41.70207],[-81.39715,41.70199],[-81.39817,41.70136],[-81.39845,41.70114],[-81.39857,41.70105],[-81.39873,41.7009],[-81.39907,41.70068],[-81.39938,41.7005],[-81.39965,41.70032],[-81.39987,41.7002],[-81.40064,41.69961],[-81.40094,41.69943],[-81.40171,41.69906],[-81.40196,41.69885],[-81.402,41.69884],[-81.40208,41.69876],[-81.40235,41.69856],[-81.40248,41.69843],[-81.40272,41.69827],[-81.40281,41.69817],[-81.40297,41.69808],[-81.40299,41.69804],[-81.40314,41.69795],[-81.40387,41.69753],[-81.40405,41.69745],[-81.40438,41.69725],[-81.40455,41.69717],[-81.40487,41.69696],[-81.40536,41.69669],[-81.40556,41.69659],[-81.40586,41.69638],[-81.40604,41.69624],[-81.40627,41.69602],[-81.40677,41.69565],[-81.40732,41.69532],[-81.40774,41.6951],[-81.40837,41.69484],[-81.40838,41.69481],[-81.40849,41.69475],[-81.40869,41.69465],[-81.40884,41.6946],[-81.40884,41.69368],[-81.40884,41.69354],[-81.40886,41.69324],[-81.40904,41.69079],[-81.40913,41.68957],[-81.40932,41.68702],[-81.40968,41.68211],[-81.4099,41.67922],[-81.40991,41.67773],[-81.40994,41.67575],[-81.40996,41.67404],[-81.40919,41.67405],[-81.40771,41.67408],[-81.40666,41.6741],[-81.40353,41.67415],[-81.40276,41.67416],[-81.40271,41.67389],[-81.40268,41.67346],[-81.40266,41.67321],[-81.40027,41.67323],[-81.40027,41.67294],[-81.40027,41.67289],[-81.4003,41.6721],[-81.40031,41.67182],[-81.40031,41.67171],[-81.40032,41.67137],[-81.40033,41.67126],[-81.40033,41.67122],[-81.40033,41.67117],[-81.40035,41.67076],[-81.40036,41.67028],[-81.40037,41.67024],[-81.40038,41.66993],[-81.4004,41.66951],[-81.40948,41.66973],[-81.40985,41.66974],[-81.40991,41.66806],[-81.40995,41.66721],[-81.40823,41.6672],[-81.40774,41.66719],[-81.40776,41.667],[-81.40794,41.66557],[-81.40828,41.66544],[-81.40904,41.66516],[-81.4089,41.66429],[-81.40904,41.66429],[-81.40944,41.66429],[-81.40958,41.66429],[-81.40956,41.66426],[-81.40954,41.6642],[-81.40952,41.66415],[-81.40949,41.66407],[-81.40947,41.66399],[-81.40947,41.66393],[-81.40946,41.66383],[-81.41044,41.66397],[-81.41044,41.65716],[-81.41044,41.65705],[-81.41045,41.6568],[-81.41497,41.65413],[-81.418,41.65448],[-81.41812,41.65456],[-81.4182,41.65456],[-81.42017,41.65348],[-81.41911,41.65313],[-81.41938,41.65275],[-81.41925,41.65272],[-81.41901,41.65264],[-81.41899,41.65263],[-81.41818,41.65239],[-81.41792,41.65232],[-81.41787,41.65231],[-81.41788,41.65208],[-81.4179,41.65145],[-81.41798,41.64838],[-81.41809,41.64838],[-81.4184,41.64838],[-81.41851,41.64838],[-81.42037,41.64843],[-81.42095,41.64845],[-81.42781,41.64865],[-81.4283,41.64867],[-81.42975,41.64871],[-81.42967,41.64772],[-81.4297,41.64669],[-81.42979,41.64359],[-81.42982,41.64256],[-81.42886,41.64256],[-81.42848,41.64256],[-81.42844,41.64256],[-81.42774,41.64256],[-81.42721,41.64256],[-81.42649,41.64256],[-81.42639,41.64256],[-81.42607,41.64255],[-81.42597,41.64255],[-81.42596,41.6425],[-81.42594,41.64236],[-81.42593,41.64231],[-81.42593,41.64226],[-81.42591,41.6421],[-81.4259,41.64206],[-81.42589,41.64198],[-81.42587,41.64177],[-81.42587,41.6417],[-81.42586,41.6416],[-81.42584,41.64128],[-81.42583,41.64118],[-81.4258,41.64009],[-81.4258,41.6399],[-81.42273,41.63996],[-81.42185,41.63998],[-81.42173,41.63998],[-81.42164,41.63998],[-81.42162,41.64],[-81.42155,41.64003],[-81.42152,41.64004],[-81.42146,41.64004],[-81.4214,41.64004],[-81.42104,41.64004],[-81.421,41.64004],[-81.42092,41.64004],[-81.42292,41.63902],[-81.42628,41.63731],[-81.42774,41.63657],[-81.42892,41.63597],[-81.43092,41.63495],[-81.43236,41.63421],[-81.435,41.63287],[-81.43541,41.63266],[-81.43549,41.63261],[-81.43556,41.63259],[-81.43669,41.63201],[-81.43779,41.63145],[-81.43795,41.63137],[-81.43807,41.63131],[-81.43813,41.63127],[-81.43828,41.6312],[-81.43834,41.63117],[-81.44005,41.6303],[-81.44098,41.62983],[-81.44472,41.62792],[-81.44578,41.62738],[-81.4477,41.6264],[-81.44821,41.62614],[-81.44869,41.62589],[-81.45169,41.62437],[-81.45269,41.62386],[-81.45242,41.62333],[-81.4516,41.62175],[-81.45133,41.62122],[-81.45124,41.62125],[-81.45099,41.62136],[-81.45091,41.62139],[-81.45074,41.62146],[-81.45023,41.62168],[-81.45006,41.62175],[-81.44997,41.62179],[-81.44968,41.62191],[-81.44958,41.62195],[-81.44917,41.62118],[-81.44893,41.62072],[-81.449,41.61861],[-81.44904,41.61774],[-81.44904,41.61625],[-81.44904,41.61491],[-81.44761,41.61492],[-81.44604,41.61493],[-81.44604,41.61479],[-81.44604,41.61373],[-81.44604,41.6133],[-81.44604,41.61325],[-81.44604,41.61295],[-81.44604,41.61188],[-81.44604,41.61152],[-81.44604,41.61057],[-81.44604,41.60769],[-81.44604,41.60675],[-81.44602,41.60674],[-81.44603,41.60657],[-81.44607,41.60606],[-81.44608,41.60589],[-81.44622,41.6053],[-81.44623,41.60523],[-81.44485,41.60523],[-81.44485,41.60485],[-81.44484,41.60425],[-81.44484,41.60319],[-81.44484,41.60001],[-81.44484,41.59895],[-81.4448,41.59865],[-81.44479,41.59858],[-81.44466,41.59747],[-81.44462,41.59711],[-81.44461,41.59705],[-81.44458,41.59688],[-81.44457,41.59683],[-81.44461,41.59682],[-81.44472,41.59682],[-81.44476,41.59682],[-81.44477,41.59682],[-81.44482,41.59682],[-81.44484,41.59682],[-81.44515,41.59682],[-81.44518,41.59677],[-81.44522,41.59672],[-81.44528,41.59664],[-81.44537,41.59652],[-81.44547,41.59637],[-81.44556,41.59624],[-81.4456,41.59619],[-81.4457,41.59603],[-81.44607,41.59556],[-81.44617,41.59542],[-81.44624,41.59531],[-81.44681,41.5945],[-81.44702,41.59422],[-81.44711,41.59411],[-81.44727,41.59393],[-81.44744,41.59374],[-81.44763,41.59356],[-81.44787,41.59335],[-81.44813,41.59314],[-81.44844,41.59293],[-81.44869,41.59277],[-81.44897,41.59261],[-81.44921,41.59248],[-81.44957,41.59231],[-81.44994,41.59217],[-81.45025,41.59205],[-81.45083,41.59187],[-81.45143,41.5917],[-81.45167,41.59163],[-81.45212,41.59152],[-81.45234,41.59147],[-81.45545,41.59088],[-81.45568,41.59086],[-81.45616,41.59082],[-81.45624,41.59081],[-81.4568,41.59077],[-81.45742,41.59074],[-81.45829,41.59071],[-81.45899,41.59068],[-81.45899,41.59062],[-81.459,41.59046],[-81.459,41.59041],[-81.459,41.58834],[-81.45911,41.58834]]]},"properties":{"ZCTA5":"44094","GEOID":"44094","CENTLAT":"+41.6099183","CENTLON":"-081.3791149"}},{"type":"Feature","geometry":{"type":"Polygon","coordinates":[[[-81.76903,41.49733],[-81.76891,41.49166],[-81.76858,41.49164],[-81.76857,41.49095],[-81.76868,41.48997],[-81.76868,41.48963],[-81.7687,41.48923],[-81.7687,41.48885],[-81.76874,41.48752],[-81.76874,41.48621],[-81.76874,41.48517],[-81.76875,41.48362],[-81.76863,41.48358],[-81.7682,41.48347],[-81.76807,41.48344],[-81.76808,41.47984],[-81.76822,41.47983],[-81.76823,41.47952],[-81.76823,41.4794],[-81.76807,41.47938],[-81.76809,41.47786],[-81.76879,41.47786],[-81.7688,41.47691],[-81.76881,41.47555],[-81.7688,41.47408],[-81.7688,41.474],[-81.76869,41.47405],[-81.76858,41.4741],[-81.76577,41.47534],[-81.76577,41.47364],[-81.76574,41.47039],[-81.76477,41.47039],[-81.76379,41.47039],[-81.76275,41.4704],[-81.76135,41.4704],[-81.76119,41.4704],[-81.75976,41.47041],[-81.75923,41.47042],[-81.75875,41.47042],[-81.75826,41.47042],[-81.75777,41.47042],[-81.75677,41.47042],[-81.75552,41.47043],[-81.75419,41.47043],[-81.75332,41.47046],[-81.75315,41.47046],[-81.75286,41.47011],[-81.7525,41.46982],[-81.75217,41.46955],[-81.75209,41.46948],[-81.75194,41.4694],[-81.75182,41.46936],[-81.75172,41.46934],[-81.75155,41.46936],[-81.75132,41.46939],[-81.75103,41.46943],[-81.75103,41.46773],[-81.75226,41.46734],[-81.75226,41.469],[-81.75228,41.46907],[-81.75234,41.46911],[-81.75243,41.46914],[-81.75253,41.46914],[-81.75278,41.46905],[-81.7527,41.46751],[-81.75285,41.46752],[-81.75285,41.46739],[-81.75298,41.46738],[-81.75296,41.46711],[-81.75318,41.46704],[-81.75319,41.46692],[-81.75315,41.46693],[-81.75314,41.46672],[-81.7533,41.46672],[-81.75329,41.46645],[-81.75329,41.46618],[-81.75277,41.46571],[-81.75283,41.46217],[-81.75289,41.45868],[-81.75292,41.45679],[-81.75281,41.45581],[-81.7534,41.45582],[-81.754,41.45582],[-81.75489,41.45565],[-81.75486,41.45538],[-81.75482,41.45527],[-81.75485,41.45452],[-81.75487,41.45358],[-81.75487,41.4534],[-81.75487,41.45291],[-81.75473,41.45295],[-81.75459,41.45296],[-81.7544,41.45295],[-81.75418,41.45272],[-81.75367,41.45226],[-81.75356,41.45216],[-81.7535,41.4521],[-81.7506,41.45413],[-81.74967,41.45479],[-81.74846,41.45562],[-81.74818,41.45581],[-81.74002,41.46155],[-81.74017,41.46125],[-81.74036,41.46077],[-81.74041,41.46053],[-81.74041,41.46032],[-81.74034,41.46013],[-81.74022,41.45988],[-81.74001,41.45965],[-81.73975,41.45946],[-81.73949,41.45932],[-81.73906,41.45917],[-81.73851,41.45898],[-81.73833,41.45893],[-81.73819,41.45889],[-81.73561,41.45806],[-81.73526,41.45795],[-81.73138,41.45678],[-81.73209,41.45515],[-81.73371,41.45408],[-81.73339,41.45335],[-81.73173,41.45217],[-81.73123,41.45181],[-81.73134,41.45179],[-81.73178,41.45168],[-81.73228,41.4515],[-81.7328,41.45129],[-81.73312,41.45112],[-81.73369,41.45073],[-81.7353,41.44955],[-81.73627,41.44889],[-81.73581,41.44834],[-81.73574,41.44827],[-81.73566,41.44835],[-81.73552,41.44824],[-81.73519,41.44803],[-81.73491,41.44783],[-81.7349,41.44758],[-81.73308,41.44798],[-81.73258,41.44843],[-81.73135,41.44952],[-81.73088,41.44988],[-81.73054,41.45006],[-81.73014,41.45023],[-81.72975,41.45036],[-81.72926,41.45052],[-81.72879,41.45057],[-81.72809,41.45067],[-81.72751,41.45068],[-81.72703,41.45067],[-81.72672,41.4506],[-81.72605,41.45036],[-81.72548,41.45023],[-81.72515,41.4502],[-81.72411,41.45031],[-81.72351,41.45035],[-81.72247,41.45035],[-81.72144,41.4503],[-81.71996,41.4503],[-81.7191,41.45035],[-81.71859,41.4504],[-81.71818,41.4504],[-81.71789,41.45035],[-81.71762,41.45026],[-81.71747,41.45022],[-81.71738,41.4502],[-81.71697,41.44997],[-81.71689,41.45029],[-81.71687,41.45036],[-81.71679,41.45058],[-81.71675,41.45069],[-81.71653,41.45142],[-81.71608,41.4529],[-81.71627,41.45295],[-81.71652,41.45305],[-81.71685,41.45316],[-81.71751,41.45338],[-81.71776,41.45345],[-81.7173,41.4538],[-81.71674,41.45399],[-81.71684,41.45418],[-81.71702,41.45431],[-81.71715,41.45441],[-81.71723,41.45455],[-81.7173,41.45467],[-81.71735,41.45497],[-81.71721,41.45497],[-81.7164,41.45532],[-81.71635,41.45557],[-81.71617,41.45563],[-81.71588,41.45577],[-81.71586,41.45585],[-81.71584,41.45592],[-81.71624,41.456],[-81.7169,41.45613],[-81.71691,41.45658],[-81.71694,41.45814],[-81.71725,41.45814],[-81.71735,41.45814],[-81.71736,41.45837],[-81.71736,41.45856],[-81.71695,41.45857],[-81.71697,41.45984],[-81.71689,41.45984],[-81.71695,41.46212],[-81.71744,41.46224],[-81.71744,41.46241],[-81.71752,41.46241],[-81.71751,41.46277],[-81.71781,41.46277],[-81.7178,41.46309],[-81.7178,41.46314],[-81.71779,41.46345],[-81.71778,41.46364],[-81.71792,41.46364],[-81.71791,41.4638],[-81.71778,41.4638],[-81.71778,41.46413],[-81.71704,41.46413],[-81.71704,41.46427],[-81.71777,41.46428],[-81.71777,41.4646],[-81.71777,41.46496],[-81.71705,41.46496],[-81.71705,41.46551],[-81.71779,41.46551],[-81.71779,41.46586],[-81.71779,41.46619],[-81.71706,41.46619],[-81.71706,41.46747],[-81.71709,41.46752],[-81.71708,41.46865],[-81.71707,41.46915],[-81.71714,41.46915],[-81.71712,41.4692],[-81.71712,41.46966],[-81.71649,41.46966],[-81.7165,41.47],[-81.7165,41.47011],[-81.7165,41.47028],[-81.71701,41.4703],[-81.71706,41.4703],[-81.71701,41.47193],[-81.71654,41.47193],[-81.71655,41.47227],[-81.71655,41.47236],[-81.71657,41.47285],[-81.71653,41.47304],[-81.71646,41.47362],[-81.71719,41.47362],[-81.71718,41.4737],[-81.71718,41.47388],[-81.71706,41.47389],[-81.71707,41.4746],[-81.71646,41.47461],[-81.71647,41.47475],[-81.71647,41.47497],[-81.71647,41.47509],[-81.71648,41.47528],[-81.71648,41.47555],[-81.71648,41.47567],[-81.71648,41.47587],[-81.71648,41.47597],[-81.7165,41.47682],[-81.7165,41.4769],[-81.71734,41.4769],[-81.71734,41.47703],[-81.71712,41.47702],[-81.71714,41.47731],[-81.71709,41.47854],[-81.71773,41.47831],[-81.71772,41.47882],[-81.71719,41.47901],[-81.71748,41.47948],[-81.71747,41.47956],[-81.71713,41.47956],[-81.71713,41.48013],[-81.71724,41.48013],[-81.71725,41.48021],[-81.71735,41.48022],[-81.71737,41.48038],[-81.71737,41.48063],[-81.71772,41.48063],[-81.71772,41.4808],[-81.71772,41.48097],[-81.71741,41.48096],[-81.71711,41.48095],[-81.71711,41.48128],[-81.71711,41.48235],[-81.71712,41.48253],[-81.71725,41.48253],[-81.71772,41.48253],[-81.71772,41.48277],[-81.71742,41.48277],[-81.71712,41.48277],[-81.71711,41.48301],[-81.71711,41.48343],[-81.7171,41.48387],[-81.71709,41.48443],[-81.71709,41.4848],[-81.7174,41.48481],[-81.7177,41.48481],[-81.71769,41.48516],[-81.71769,41.48574],[-81.7177,41.48633],[-81.7177,41.48682],[-81.7177,41.48732],[-81.71771,41.48789],[-81.71769,41.488],[-81.71765,41.48809],[-81.71759,41.48813],[-81.7175,41.48815],[-81.71732,41.48817],[-81.71714,41.48817],[-81.71712,41.48824],[-81.71687,41.4884],[-81.71672,41.4884],[-81.71644,41.48841],[-81.7159,41.48849],[-81.71529,41.4886],[-81.71464,41.4888],[-81.71408,41.48902],[-81.71369,41.48921],[-81.71328,41.48945],[-81.71295,41.48968],[-81.71259,41.48992],[-81.71238,41.49009],[-81.71188,41.49045],[-81.71164,41.49059],[-81.71168,41.49065],[-81.7117,41.49068],[-81.71178,41.49081],[-81.71192,41.49102],[-81.71259,41.49192],[-81.71264,41.49194],[-81.71269,41.49197],[-81.71272,41.492],[-81.71278,41.49209],[-81.71302,41.49234],[-81.71317,41.49255],[-81.71348,41.49298],[-81.71376,41.49337],[-81.71329,41.49451],[-81.71191,41.49731],[-81.71055,41.49755],[-81.70913,41.4978],[-81.70848,41.49828],[-81.70831,41.49868],[-81.70807,41.49908],[-81.7089,41.49972],[-81.70904,41.50005],[-81.7104,41.5019],[-81.71045,41.50195],[-81.71095,41.5024],[-81.71094,41.50249],[-81.71109,41.50264],[-81.7116,41.50317],[-81.71245,41.50435],[-81.71481,41.5073],[-81.72887,41.50005],[-81.73022,41.49936],[-81.73553,41.49792],[-81.74986,41.49405],[-81.75049,41.49387],[-81.75048,41.4942],[-81.75652,41.49476],[-81.76225,41.49608],[-81.76903,41.49733]]]},"properties":{"ZCTA5":"44102","GEOID":"44102","CENTLAT":"+41.4785946","CENTLON":"-081.7377577"}},{"type":"Feature","geometry":{"type":"Polygon","coordinates":[[[-81.68465,41.44752],[-81.68463,41.44735],[-81.68451,41.44734],[-81.68397,41.44734],[-81.68344,41.44735],[-81.68283,41.44737],[-81.68183,41.44743],[-81.67732,41.44756],[-81.67429,41.44761],[-81.67373,41.44763],[-81.6735,41.44764],[-81.67331,41.44764],[-81.67315,41.44728],[-81.6728,41.44673],[-81.67233,41.44619],[-81.67203,41.44588],[-81.67179,41.44568],[-81.67143,41.44547],[-81.67092,41.44522],[-81.6706,41.44507],[-81.6702,41.44493],[-81.66973,41.44482],[-81.66907,41.44471],[-81.66827,41.44461],[-81.6624,41.44427],[-81.65915,41.44409],[-81.65614,41.44393],[-81.65338,41.4438],[-81.65203,41.44372],[-81.65135,41.44279],[-81.65122,41.44261],[-81.65111,41.44244],[-81.65104,41.44231],[-81.65147,41.44217],[-81.65105,41.44099],[-81.65062,41.44108],[-81.65044,41.44107],[-81.65042,41.44101],[-81.65029,41.44068],[-81.65013,41.44019],[-81.65002,41.4398],[-81.64992,41.43931],[-81.64988,41.43898],[-81.64974,41.43895],[-81.64968,41.43894],[-81.6495,41.43644],[-81.64944,41.43609],[-81.64939,41.43577],[-81.64929,41.43525],[-81.64909,41.43439],[-81.64844,41.43468],[-81.64027,41.43826],[-81.63724,41.43971],[-81.63709,41.43971],[-81.63612,41.43974],[-81.63544,41.4408],[-81.63454,41.4414],[-81.6333,41.44141],[-81.63331,41.44057],[-81.63332,41.44046],[-81.63341,41.43864],[-81.63408,41.43843],[-81.63434,41.4374],[-81.63548,41.43616],[-81.63567,41.43595],[-81.63585,41.43575],[-81.63554,41.43506],[-81.63544,41.43481],[-81.63566,41.43416],[-81.63517,41.43416],[-81.63502,41.43417],[-81.63339,41.43417],[-81.63325,41.43415],[-81.63325,41.43455],[-81.63311,41.43456],[-81.63125,41.43458],[-81.63124,41.43416],[-81.63098,41.43417],[-81.63071,41.43417],[-81.63023,41.43418],[-81.62999,41.43476],[-81.62499,41.43462],[-81.62483,41.43463],[-81.62484,41.4347],[-81.62475,41.43471],[-81.62474,41.43463],[-81.62474,41.43459],[-81.62272,41.43463],[-81.62108,41.43464],[-81.62035,41.43464],[-81.62034,41.43474],[-81.6199,41.43474],[-81.61989,41.43466],[-81.6198,41.43466],[-81.6198,41.43453],[-81.61952,41.43453],[-81.61934,41.43428],[-81.61924,41.43429],[-81.6189,41.43429],[-81.61764,41.4343],[-81.61541,41.43427],[-81.61527,41.43427],[-81.61526,41.43435],[-81.61393,41.43438],[-81.61435,41.43501],[-81.61523,41.435],[-81.6152,41.43566],[-81.61517,41.43634],[-81.61514,41.43806],[-81.61525,41.43941],[-81.61531,41.43991],[-81.61216,41.43816],[-81.60855,41.43612],[-81.59948,41.43093],[-81.59922,41.43091],[-81.59877,41.43086],[-81.59746,41.43073],[-81.59698,41.43062],[-81.59282,41.42922],[-81.59278,41.4318],[-81.59278,41.43232],[-81.59257,41.43231],[-81.59208,41.43239],[-81.59179,41.4324],[-81.59151,41.43226],[-81.5912,41.43233],[-81.59105,41.4325],[-81.59092,41.43256],[-81.59016,41.43266],[-81.58931,41.43297],[-81.58882,41.43328],[-81.58842,41.43332],[-81.58825,41.43341],[-81.58812,41.43361],[-81.58792,41.43378],[-81.58776,41.43393],[-81.58756,41.43401],[-81.58746,41.43419],[-81.5873,41.43426],[-81.5872,41.43425],[-81.58703,41.43414],[-81.58687,41.43417],[-81.58672,41.43432],[-81.58659,41.43429],[-81.58648,41.43423],[-81.58652,41.43415],[-81.58648,41.43404],[-81.58642,41.43398],[-81.58629,41.434],[-81.58616,41.43409],[-81.58612,41.43422],[-81.58598,41.43443],[-81.58575,41.43433],[-81.58544,41.43428],[-81.58516,41.43427],[-81.58479,41.43415],[-81.5847,41.43416],[-81.5846,41.43422],[-81.5845,41.43438],[-81.58434,41.4347],[-81.58397,41.43478],[-81.58366,41.43475],[-81.58326,41.43505],[-81.58176,41.43505],[-81.58177,41.43573],[-81.58178,41.43601],[-81.58179,41.43674],[-81.58179,41.43747],[-81.58177,41.43821],[-81.58288,41.4382],[-81.58394,41.43819],[-81.58409,41.43819],[-81.58436,41.43813],[-81.58443,41.43812],[-81.58451,41.43811],[-81.58451,41.43862],[-81.58453,41.44051],[-81.58454,41.44178],[-81.58501,41.44185],[-81.58502,41.44231],[-81.584,41.44233],[-81.584,41.44323],[-81.58446,41.44332],[-81.58422,41.44394],[-81.57977,41.443],[-81.57977,41.44305],[-81.57977,41.44406],[-81.57977,41.4442],[-81.58072,41.44445],[-81.58181,41.44476],[-81.58288,41.44503],[-81.584,41.44534],[-81.5845,41.44545],[-81.58456,41.44909],[-81.58441,41.44909],[-81.58403,41.44909],[-81.58403,41.44995],[-81.58403,41.45071],[-81.58456,41.45072],[-81.58459,41.45143],[-81.58459,41.45149],[-81.58459,41.45212],[-81.58459,41.45225],[-81.5846,41.45279],[-81.5846,41.45298],[-81.58461,41.45345],[-81.58492,41.45344],[-81.58491,41.45313],[-81.58759,41.4531],[-81.58908,41.45307],[-81.58988,41.45309],[-81.59057,41.4531],[-81.59057,41.45291],[-81.59056,41.45271],[-81.59092,41.45271],[-81.59115,41.45271],[-81.59115,41.45259],[-81.59181,41.45257],[-81.59182,41.45291],[-81.59165,41.45292],[-81.59167,41.45315],[-81.59115,41.45316],[-81.59115,41.4534],[-81.59115,41.45393],[-81.59115,41.45433],[-81.59115,41.4544],[-81.59115,41.45525],[-81.59115,41.45571],[-81.59234,41.45571],[-81.59273,41.45571],[-81.59273,41.45688],[-81.59272,41.45782],[-81.59117,41.45783],[-81.59117,41.45834],[-81.59117,41.45878],[-81.59146,41.45878],[-81.59176,41.45878],[-81.59176,41.45906],[-81.5919,41.45907],[-81.59192,41.45926],[-81.59203,41.45927],[-81.59205,41.46124],[-81.59175,41.46124],[-81.59175,41.46166],[-81.59275,41.46165],[-81.59275,41.46261],[-81.59117,41.46263],[-81.59117,41.46374],[-81.59188,41.46373],[-81.59189,41.46426],[-81.59244,41.46425],[-81.59246,41.46426],[-81.59246,41.46436],[-81.59332,41.46436],[-81.59331,41.46407],[-81.59373,41.46409],[-81.59374,41.46436],[-81.59405,41.46436],[-81.59405,41.46419],[-81.59453,41.46417],[-81.59453,41.46372],[-81.59562,41.46371],[-81.59651,41.4637],[-81.59688,41.4637],[-81.59815,41.4637],[-81.59929,41.4637],[-81.59938,41.4637],[-81.60066,41.46368],[-81.60176,41.46366],[-81.60288,41.46366],[-81.60356,41.46365],[-81.60417,41.46365],[-81.60507,41.46364],[-81.60546,41.46364],[-81.60592,41.46364],[-81.60691,41.46362],[-81.60842,41.46361],[-81.60962,41.4636],[-81.60971,41.4636],[-81.61065,41.46359],[-81.61097,41.46359],[-81.61157,41.46359],[-81.61241,41.46358],[-81.61257,41.46358],[-81.61325,41.46358],[-81.61365,41.46358],[-81.61365,41.46396],[-81.61416,41.46396],[-81.61417,41.46401],[-81.6147,41.46401],[-81.61571,41.46403],[-81.61571,41.46355],[-81.61667,41.46354],[-81.61667,41.46386],[-81.61667,41.46402],[-81.61716,41.46401],[-81.61717,41.4641],[-81.61946,41.46407],[-81.61977,41.46407],[-81.61977,41.46396],[-81.6202,41.46396],[-81.6202,41.46407],[-81.62083,41.46406],[-81.62083,41.46378],[-81.621,41.46378],[-81.621,41.46351],[-81.62145,41.46351],[-81.62224,41.46351],[-81.62224,41.46405],[-81.62228,41.46406],[-81.62228,41.46419],[-81.62261,41.46419],[-81.62261,41.46408],[-81.62296,41.46408],[-81.62298,41.4642],[-81.62315,41.4642],[-81.62315,41.46408],[-81.62465,41.46407],[-81.62465,41.46385],[-81.62493,41.46381],[-81.62493,41.46348],[-81.62525,41.46348],[-81.62572,41.46348],[-81.62583,41.46463],[-81.62598,41.46595],[-81.62655,41.46593],[-81.6261,41.46347],[-81.62672,41.46346],[-81.62717,41.46346],[-81.62748,41.46379],[-81.62797,41.46421],[-81.62846,41.46449],[-81.62888,41.46466],[-81.62924,41.46476],[-81.63,41.465],[-81.63264,41.46591],[-81.63306,41.46604],[-81.63333,41.46557],[-81.63266,41.46535],[-81.63267,41.4646],[-81.63266,41.46342],[-81.63329,41.46341],[-81.63333,41.46341],[-81.63396,41.4634],[-81.63461,41.46339],[-81.6347,41.46338],[-81.63519,41.46337],[-81.63573,41.46336],[-81.63574,41.46341],[-81.63576,41.46346],[-81.63576,41.46382],[-81.63906,41.46377],[-81.63906,41.46375],[-81.6396,41.46374],[-81.6396,41.46362],[-81.63959,41.46332],[-81.64068,41.46329],[-81.64393,41.46326],[-81.64394,41.46371],[-81.64506,41.4637],[-81.64506,41.46367],[-81.64506,41.46324],[-81.64642,41.46321],[-81.64654,41.46331],[-81.64687,41.46305],[-81.64733,41.46318],[-81.64831,41.46354],[-81.64887,41.46373],[-81.64948,41.46383],[-81.6499,41.46389],[-81.65032,41.46392],[-81.65084,41.46387],[-81.65121,41.46381],[-81.65159,41.46372],[-81.65203,41.4635],[-81.6529,41.46317],[-81.65343,41.46303],[-81.65396,41.46299],[-81.65426,41.46297],[-81.6549,41.46297],[-81.65545,41.46299],[-81.65607,41.46305],[-81.65666,41.46319],[-81.65715,41.4633],[-81.65736,41.46338],[-81.65743,41.4634],[-81.65754,41.46347],[-81.66413,41.46774],[-81.66729,41.46908],[-81.66783,41.46938],[-81.66786,41.46961],[-81.66793,41.47047],[-81.66793,41.47073],[-81.66793,41.47097],[-81.66803,41.47263],[-81.66805,41.47341],[-81.66723,41.47601],[-81.66718,41.47641],[-81.66729,41.47669],[-81.66762,41.47717],[-81.66881,41.47778],[-81.67057,41.47852],[-81.67109,41.47849],[-81.67303,41.47822],[-81.67323,41.47819],[-81.67153,41.47683],[-81.67108,41.47612],[-81.67024,41.47477],[-81.67002,41.47442],[-81.66947,41.47334],[-81.66896,41.47195],[-81.66897,41.4718],[-81.669,41.47068],[-81.669,41.47044],[-81.66902,41.46988],[-81.66902,41.46984],[-81.67068,41.46765],[-81.67304,41.46546],[-81.67403,41.46499],[-81.67726,41.46474],[-81.67755,41.46471],[-81.67935,41.46412],[-81.68218,41.46138],[-81.68265,41.46094],[-81.6829,41.46015],[-81.68329,41.45809],[-81.68365,41.45655],[-81.68412,41.45516],[-81.68383,41.45435],[-81.68357,41.45362],[-81.68289,41.45193],[-81.68252,41.45149],[-81.68221,41.45111],[-81.68198,41.45037],[-81.6815,41.44983],[-81.68122,41.44951],[-81.68116,41.4493],[-81.6812,41.44918],[-81.68123,41.4491],[-81.68131,41.44905],[-81.68142,41.44898],[-81.68165,41.44891],[-81.68194,41.44889],[-81.68225,41.44898],[-81.6823,41.44898],[-81.6827,41.449],[-81.68328,41.44891],[-81.68408,41.44824],[-81.68465,41.44752]]]},"properties":{"ZCTA5":"44105","GEOID":"44105","CENTLAT":"+41.4506895","CENTLON":"-081.6303784"}},{"type":"Feature","geometry":{"type":"Polygon","coordinates":[[[-81.63073,41.5086],[-81.63071,41.50591],[-81.63032,41.50586],[-81.62961,41.50581],[-81.62958,41.50595],[-81.6296,41.50615],[-81.62979,41.50629],[-81.62956,41.50653],[-81.6294,41.50641],[-81.6291,41.50641],[-81.62904,41.50694],[-81.62915,41.50714],[-81.62895,41.50736],[-81.62883,41.50729],[-81.62884,41.50581],[-81.62884,41.50566],[-81.62885,41.50552],[-81.62885,41.50545],[-81.62885,41.50515],[-81.62883,41.50399],[-81.62883,41.50384],[-81.6293,41.50386],[-81.62982,41.50387],[-81.62982,41.50369],[-81.62983,41.50355],[-81.62959,41.50354],[-81.6296,41.50129],[-81.62962,41.49995],[-81.62854,41.49989],[-81.62817,41.49989],[-81.62779,41.49988],[-81.6278,41.49951],[-81.6278,41.49942],[-81.62817,41.49942],[-81.62822,41.49942],[-81.62819,41.49635],[-81.62817,41.49341],[-81.62776,41.49342],[-81.62735,41.49342],[-81.62733,41.49245],[-81.62449,41.49245],[-81.62449,41.49343],[-81.62391,41.49343],[-81.62314,41.49343],[-81.62163,41.49343],[-81.62163,41.49246],[-81.62162,41.49157],[-81.62161,41.49102],[-81.62161,41.49074],[-81.62161,41.49056],[-81.61625,41.49346],[-81.61604,41.49346],[-81.6155,41.49346],[-81.61524,41.49347],[-81.61473,41.49347],[-81.61437,41.49347],[-81.61212,41.49348],[-81.612,41.49344],[-81.6119,41.49337],[-81.61171,41.4932],[-81.61136,41.49368],[-81.60974,41.49292],[-81.60699,41.49599],[-81.60692,41.49613],[-81.60692,41.49618],[-81.60696,41.4963],[-81.60665,41.49725],[-81.60616,41.49758],[-81.60575,41.49785],[-81.60553,41.49784],[-81.60536,41.49783],[-81.60527,41.49781],[-81.60518,41.49778],[-81.60507,41.49775],[-81.60498,41.49771],[-81.60484,41.49732],[-81.60464,41.49658],[-81.60457,41.4964],[-81.6043,41.4961],[-81.60412,41.49586],[-81.60399,41.49565],[-81.60379,41.49514],[-81.60369,41.49503],[-81.60349,41.49495],[-81.60325,41.49492],[-81.60299,41.49497],[-81.6017,41.49475],[-81.60171,41.49467],[-81.60162,41.49464],[-81.60023,41.49435],[-81.59749,41.49377],[-81.59365,41.49295],[-81.59269,41.49272],[-81.58759,41.4915],[-81.58302,41.49061],[-81.58237,41.49003],[-81.58221,41.49056],[-81.58204,41.49084],[-81.58259,41.49113],[-81.58184,41.49196],[-81.58174,41.49214],[-81.58113,41.49345],[-81.5811,41.49371],[-81.58077,41.4948],[-81.58049,41.4956],[-81.58062,41.49566],[-81.58125,41.49594],[-81.58114,41.49651],[-81.581,41.49727],[-81.58096,41.49794],[-81.58081,41.4984],[-81.5809,41.49856],[-81.5805,41.50099],[-81.57996,41.50093],[-81.57996,41.50116],[-81.57998,41.50238],[-81.57997,41.50245],[-81.57997,41.5037],[-81.57996,41.50496],[-81.57997,41.50628],[-81.57995,41.50815],[-81.57998,41.50949],[-81.57998,41.51061],[-81.57998,41.51086],[-81.57998,41.51172],[-81.58169,41.51108],[-81.58255,41.51075],[-81.58415,41.51015],[-81.5879,41.50872],[-81.58802,41.50872],[-81.59127,41.50871],[-81.59126,41.51062],[-81.59124,41.51258],[-81.59124,41.5135],[-81.59228,41.51382],[-81.59258,41.51388],[-81.59291,41.51389],[-81.59324,41.51386],[-81.59351,41.5138],[-81.59374,41.51374],[-81.59397,41.51366],[-81.59436,41.51352],[-81.5946,41.51339],[-81.59468,41.5133],[-81.59473,41.51316],[-81.59477,41.51299],[-81.5948,41.51291],[-81.59536,41.51279],[-81.59552,41.51299],[-81.59566,41.5131],[-81.59597,41.51328],[-81.59638,41.51345],[-81.59678,41.51353],[-81.59694,41.51338],[-81.59707,41.51329],[-81.59728,41.51318],[-81.5976,41.51308],[-81.59782,41.51301],[-81.5981,41.51299],[-81.59822,41.51301],[-81.59833,41.51307],[-81.59839,41.51317],[-81.59841,41.51333],[-81.59836,41.51352],[-81.59826,41.51367],[-81.59822,41.51376],[-81.59829,41.51386],[-81.59844,41.51392],[-81.59862,41.51391],[-81.59876,41.51392],[-81.5989,41.514],[-81.59876,41.51413],[-81.59846,41.51442],[-81.5969,41.51594],[-81.5967,41.51613],[-81.59641,41.51611],[-81.59569,41.5157],[-81.59538,41.51598],[-81.59547,41.51604],[-81.5963,41.51652],[-81.59779,41.51738],[-81.59803,41.51752],[-81.59811,41.51757],[-81.59835,41.51774],[-81.59862,41.5179],[-81.59869,41.51794],[-81.5998,41.51798],[-81.60026,41.51767],[-81.60068,41.51912],[-81.60094,41.51911],[-81.60097,41.51994],[-81.60009,41.51996],[-81.60004,41.51974],[-81.59942,41.51991],[-81.59923,41.51983],[-81.59903,41.51999],[-81.59903,41.52015],[-81.59854,41.52015],[-81.59853,41.5209],[-81.59853,41.52092],[-81.5985,41.52092],[-81.59849,41.5212],[-81.59853,41.52123],[-81.59852,41.52263],[-81.59825,41.52263],[-81.59825,41.52279],[-81.59803,41.52278],[-81.59803,41.52305],[-81.5981,41.52305],[-81.59812,41.52364],[-81.59848,41.52364],[-81.59891,41.52363],[-81.59967,41.52363],[-81.59961,41.52305],[-81.59989,41.52305],[-81.6009,41.52305],[-81.60179,41.52305],[-81.60196,41.52305],[-81.60286,41.52303],[-81.60337,41.52299],[-81.60362,41.52296],[-81.6047,41.52286],[-81.60484,41.52283],[-81.6056,41.52275],[-81.60595,41.52271],[-81.60653,41.52264],[-81.607,41.52258],[-81.60748,41.52254],[-81.60841,41.52243],[-81.60935,41.52234],[-81.60935,41.52286],[-81.61212,41.52256],[-81.61548,41.5222],[-81.61548,41.52235],[-81.61611,41.52234],[-81.61612,41.52232],[-81.61666,41.52232],[-81.61666,41.52206],[-81.61665,41.52159],[-81.61759,41.52149],[-81.61855,41.5214],[-81.61966,41.5213],[-81.62067,41.52119],[-81.62087,41.52118],[-81.62119,41.52117],[-81.62133,41.52115],[-81.62172,41.5211],[-81.62269,41.52101],[-81.62353,41.52148],[-81.62442,41.52201],[-81.6247,41.52175],[-81.62494,41.5217],[-81.62472,41.52081],[-81.62512,41.52076],[-81.62578,41.5207],[-81.62582,41.52069],[-81.62587,41.52069],[-81.62605,41.52067],[-81.6265,41.52061],[-81.627,41.52056],[-81.62752,41.5205],[-81.62783,41.52047],[-81.62845,41.52041],[-81.62857,41.52039],[-81.62866,41.52038],[-81.62903,41.52034],[-81.62902,41.51965],[-81.62905,41.51959],[-81.62902,41.51798],[-81.62861,41.5178],[-81.62871,41.51765],[-81.62901,41.51765],[-81.629,41.51628],[-81.62854,41.51627],[-81.62854,41.51579],[-81.62853,41.51546],[-81.62876,41.51545],[-81.62876,41.51542],[-81.62881,41.51542],[-81.62888,41.51542],[-81.62889,41.51532],[-81.62899,41.51532],[-81.62898,41.51484],[-81.62897,41.51308],[-81.62895,41.5118],[-81.62881,41.51178],[-81.62881,41.51161],[-81.6285,41.51161],[-81.62843,41.51158],[-81.62842,41.51123],[-81.62868,41.51126],[-81.6287,41.51047],[-81.62871,41.51011],[-81.62837,41.51011],[-81.62837,41.50993],[-81.62839,41.50936],[-81.62826,41.50936],[-81.62743,41.50936],[-81.62708,41.50938],[-81.62739,41.50909],[-81.62769,41.50871],[-81.62776,41.50867],[-81.62986,41.50865],[-81.63006,41.50861],[-81.63073,41.5086]]]},"properties":{"ZCTA5":"44106","GEOID":"44106","CENTLAT":"+41.5061999","CENTLON":"-081.6068457"}},{"type":"Feature","geometry":{"type":"Polygon","coordinates":[[[-81.84398,41.49459],[-81.84066,41.49235],[-81.83697,41.48994],[-81.83606,41.48935],[-81.83506,41.48885],[-81.83386,41.48785],[-81.83231,41.48642],[-81.8323,41.4864],[-81.83226,41.48633],[-81.83157,41.48487],[-81.83164,41.48316],[-81.83189,41.48237],[-81.83306,41.48045],[-81.83395,41.47871],[-81.83323,41.47705],[-81.83022,41.47689],[-81.82941,41.47717],[-81.82764,41.47771],[-81.8219,41.47714],[-81.82356,41.47485],[-81.82412,41.47201],[-81.82416,41.47185],[-81.82414,41.4718],[-81.82403,41.47144],[-81.82406,41.47075],[-81.82456,41.46815],[-81.82181,41.46821],[-81.82171,41.46817],[-81.82159,41.46815],[-81.82143,41.46814],[-81.82121,41.46813],[-81.82047,41.46812],[-81.81957,41.46811],[-81.81903,41.46811],[-81.81854,41.46814],[-81.81806,41.46814],[-81.81774,41.4681],[-81.81739,41.46801],[-81.81678,41.46785],[-81.8163,41.46774],[-81.81567,41.46753],[-81.81559,41.46763],[-81.81546,41.4678],[-81.81507,41.46769],[-81.81493,41.46763],[-81.81435,41.4674],[-81.81435,41.46748],[-81.81405,41.46747],[-81.81406,41.46739],[-81.81387,41.46739],[-81.81387,41.46747],[-81.81243,41.46746],[-81.81243,41.46752],[-81.81243,41.46802],[-81.81227,41.46801],[-81.81183,41.46801],[-81.81075,41.46801],[-81.81058,41.46801],[-81.8104,41.468],[-81.81045,41.46909],[-81.81061,41.46951],[-81.81076,41.46957],[-81.81073,41.46977],[-81.81036,41.46994],[-81.80878,41.46996],[-81.80606,41.47008],[-81.80474,41.47015],[-81.80343,41.47004],[-81.80053,41.47001],[-81.8,41.46992],[-81.79733,41.46993],[-81.79728,41.46964],[-81.79727,41.4696],[-81.79503,41.46961],[-81.79386,41.46959],[-81.79293,41.46956],[-81.79216,41.46953],[-81.79167,41.4695],[-81.79072,41.46942],[-81.78974,41.46926],[-81.78974,41.46966],[-81.78973,41.46995],[-81.78972,41.47032],[-81.78903,41.47045],[-81.78856,41.47045],[-81.78856,41.46998],[-81.78755,41.46999],[-81.78659,41.46999],[-81.7856,41.47],[-81.78454,41.47001],[-81.78452,41.47048],[-81.78341,41.47049],[-81.78306,41.47049],[-81.78141,41.46968],[-81.78067,41.47026],[-81.7803,41.47055],[-81.77951,41.47109],[-81.77877,41.47155],[-81.77797,41.472],[-81.7774,41.47228],[-81.77193,41.47434],[-81.76881,41.47555],[-81.7688,41.47691],[-81.76879,41.47786],[-81.76809,41.47786],[-81.76807,41.47938],[-81.76823,41.4794],[-81.76823,41.47952],[-81.76822,41.47983],[-81.76808,41.47984],[-81.76807,41.48344],[-81.7682,41.48347],[-81.76863,41.48358],[-81.76875,41.48362],[-81.76874,41.48517],[-81.76874,41.48621],[-81.76874,41.48752],[-81.7687,41.48885],[-81.7687,41.48923],[-81.76868,41.48963],[-81.76868,41.48997],[-81.76857,41.49095],[-81.76858,41.49164],[-81.76891,41.49166],[-81.76903,41.49733],[-81.77024,41.49755],[-81.77527,41.49836],[-81.77685,41.49862],[-81.77779,41.49877],[-81.78221,41.49966],[-81.78419,41.50005],[-81.78521,41.50005],[-81.79423,41.50005],[-81.80243,41.50005],[-81.80642,41.49958],[-81.80858,41.49933],[-81.81096,41.49917],[-81.81538,41.49881],[-81.82056,41.49807],[-81.82703,41.49691],[-81.84398,41.49459]]]},"properties":{"ZCTA5":"44107","GEOID":"44107","CENTLAT":"+41.4850546","CENTLON":"-081.8011499"}},{"type":"Feature","geometry":{"type":"Polygon","coordinates":[[[-81.65234,41.54159],[-81.65222,41.53584],[-81.6522,41.53523],[-81.64988,41.53578],[-81.64876,41.53639],[-81.64869,41.5364],[-81.64815,41.5359],[-81.64684,41.53464],[-81.6468,41.53467],[-81.64663,41.53478],[-81.64648,41.53486],[-81.64634,41.53495],[-81.64593,41.53526],[-81.64558,41.53546],[-81.64549,41.53551],[-81.64529,41.53564],[-81.645,41.53586],[-81.64494,41.53589],[-81.6449,41.5359],[-81.64486,41.5359],[-81.64481,41.5359],[-81.64476,41.53591],[-81.64473,41.53593],[-81.64469,41.53597],[-81.64467,41.536],[-81.64466,41.53605],[-81.64458,41.53614],[-81.6443,41.53636],[-81.64422,41.5364],[-81.64413,41.53643],[-81.64392,41.53622],[-81.6436,41.5364],[-81.64363,41.53643],[-81.64366,41.53647],[-81.6423,41.5372],[-81.64229,41.53719],[-81.64225,41.53715],[-81.64214,41.53704],[-81.64188,41.53718],[-81.64179,41.53708],[-81.64172,41.53701],[-81.64167,41.53705],[-81.64145,41.53718],[-81.64116,41.53736],[-81.64096,41.53748],[-81.64064,41.53764],[-81.64026,41.53784],[-81.63992,41.538],[-81.63934,41.53823],[-81.63885,41.5384],[-81.63843,41.53853],[-81.63836,41.53855],[-81.63827,41.53857],[-81.63817,41.53861],[-81.63762,41.53873],[-81.6371,41.53884],[-81.6368,41.53889],[-81.63637,41.53895],[-81.63583,41.53899],[-81.63531,41.53902],[-81.63502,41.53903],[-81.63477,41.53903],[-81.63397,41.53906],[-81.63334,41.53905],[-81.63274,41.53906],[-81.63211,41.53907],[-81.63179,41.53907],[-81.63154,41.53907],[-81.63149,41.53883],[-81.63147,41.53876],[-81.63145,41.53864],[-81.6314,41.53848],[-81.6313,41.53829],[-81.63118,41.53808],[-81.63091,41.53777],[-81.63074,41.53758],[-81.63066,41.53745],[-81.63057,41.53735],[-81.63036,41.53715],[-81.63026,41.53707],[-81.63014,41.53694],[-81.63007,41.53682],[-81.63,41.53668],[-81.62998,41.53659],[-81.62993,41.5365],[-81.62987,41.53625],[-81.62979,41.53598],[-81.62978,41.53566],[-81.62981,41.53525],[-81.62991,41.53491],[-81.63007,41.53461],[-81.63008,41.53459],[-81.63024,41.53422],[-81.63036,41.53388],[-81.63041,41.53339],[-81.63035,41.53308],[-81.63023,41.53277],[-81.62997,41.53237],[-81.62985,41.53226],[-81.62946,41.53173],[-81.62926,41.53141],[-81.6291,41.53103],[-81.62903,41.53078],[-81.62899,41.5305],[-81.62889,41.52977],[-81.62883,41.52953],[-81.62872,41.52914],[-81.62849,41.52874],[-81.62826,41.52841],[-81.62824,41.52838],[-81.62795,41.52807],[-81.62774,41.52788],[-81.62746,41.52762],[-81.62719,41.52729],[-81.62636,41.52603],[-81.62621,41.52579],[-81.62608,41.52566],[-81.62619,41.52572],[-81.62631,41.52574],[-81.62645,41.52573],[-81.62657,41.5256],[-81.62664,41.52549],[-81.62668,41.5254],[-81.62671,41.52528],[-81.62672,41.52513],[-81.62678,41.52501],[-81.62687,41.52492],[-81.62696,41.52484],[-81.6271,41.52479],[-81.62727,41.52473],[-81.62743,41.52468],[-81.62755,41.52461],[-81.62766,41.5245],[-81.62758,41.5244],[-81.62734,41.52409],[-81.62765,41.5238],[-81.62765,41.52373],[-81.62765,41.52338],[-81.62782,41.52338],[-81.62844,41.52338],[-81.62877,41.52338],[-81.62874,41.52085],[-81.62844,41.52085],[-81.62845,41.52051],[-81.62845,41.52041],[-81.62783,41.52047],[-81.62752,41.5205],[-81.627,41.52056],[-81.6265,41.52061],[-81.62605,41.52067],[-81.62587,41.52069],[-81.62582,41.52069],[-81.62578,41.5207],[-81.62512,41.52076],[-81.62472,41.52081],[-81.62494,41.5217],[-81.6247,41.52175],[-81.62442,41.52201],[-81.62353,41.52148],[-81.62269,41.52101],[-81.62172,41.5211],[-81.62133,41.52115],[-81.62119,41.52117],[-81.62087,41.52118],[-81.62067,41.52119],[-81.61966,41.5213],[-81.61855,41.5214],[-81.61759,41.52149],[-81.61665,41.52159],[-81.61666,41.52206],[-81.61666,41.52232],[-81.61612,41.52232],[-81.61611,41.52234],[-81.61548,41.52235],[-81.61548,41.5222],[-81.61212,41.52256],[-81.60935,41.52286],[-81.60935,41.52234],[-81.60841,41.52243],[-81.60748,41.52254],[-81.607,41.52258],[-81.60653,41.52264],[-81.60595,41.52271],[-81.6056,41.52275],[-81.60484,41.52283],[-81.6047,41.52286],[-81.60362,41.52296],[-81.60337,41.52299],[-81.60286,41.52303],[-81.60196,41.52305],[-81.60179,41.52305],[-81.6009,41.52305],[-81.59989,41.52305],[-81.59961,41.52305],[-81.59967,41.52363],[-81.59891,41.52363],[-81.59892,41.52383],[-81.599,41.52517],[-81.59896,41.52518],[-81.59872,41.52518],[-81.59872,41.5256],[-81.59873,41.52566],[-81.59864,41.52567],[-81.59874,41.52601],[-81.59861,41.52601],[-81.59868,41.52627],[-81.59859,41.52628],[-81.5986,41.52633],[-81.59871,41.52677],[-81.5986,41.52678],[-81.59867,41.52706],[-81.59859,41.52706],[-81.5986,41.52716],[-81.59841,41.52711],[-81.59817,41.52705],[-81.59818,41.52798],[-81.5982,41.52866],[-81.5982,41.52874],[-81.59821,41.52932],[-81.59821,41.52997],[-81.59822,41.5304],[-81.59824,41.53064],[-81.59768,41.5306],[-81.59705,41.53055],[-81.59607,41.53047],[-81.59599,41.53032],[-81.59589,41.53016],[-81.59572,41.52998],[-81.59537,41.52965],[-81.59438,41.52877],[-81.5941,41.52856],[-81.5938,41.52843],[-81.59346,41.52835],[-81.59321,41.52834],[-81.59187,41.52834],[-81.59183,41.52833],[-81.59167,41.5283],[-81.59141,41.52819],[-81.5912,41.52805],[-81.59119,41.52878],[-81.59117,41.52966],[-81.59117,41.53044],[-81.59143,41.53044],[-81.59143,41.53066],[-81.59144,41.53468],[-81.59145,41.53731],[-81.59147,41.53973],[-81.59147,41.54057],[-81.59148,41.54481],[-81.59123,41.54494],[-81.59115,41.54499],[-81.59115,41.54512],[-81.59113,41.55261],[-81.5911,41.55339],[-81.59114,41.55399],[-81.59112,41.55452],[-81.59104,41.55498],[-81.59094,41.55546],[-81.5908,41.55586],[-81.59065,41.55615],[-81.59112,41.55591],[-81.59149,41.55575],[-81.59149,41.55639],[-81.59149,41.55745],[-81.59149,41.55873],[-81.59151,41.56047],[-81.59152,41.56126],[-81.59149,41.56166],[-81.59166,41.56168],[-81.59196,41.56172],[-81.59145,41.5622],[-81.59081,41.56269],[-81.59029,41.56305],[-81.58977,41.56338],[-81.58949,41.56354],[-81.58877,41.56395],[-81.58906,41.56436],[-81.58913,41.56446],[-81.59021,41.56528],[-81.59024,41.56539],[-81.59043,41.56555],[-81.59066,41.56538],[-81.59157,41.56613],[-81.59182,41.56633],[-81.59173,41.56639],[-81.59161,41.56648],[-81.59158,41.56652],[-81.59157,41.56656],[-81.59154,41.56658],[-81.59147,41.56668],[-81.59145,41.56672],[-81.59133,41.56688],[-81.59123,41.56699],[-81.59103,41.56717],[-81.59099,41.56722],[-81.59087,41.56736],[-81.5908,41.56747],[-81.59076,41.56751],[-81.59069,41.56762],[-81.5906,41.56772],[-81.59057,41.56778],[-81.59052,41.56783],[-81.59044,41.56797],[-81.59039,41.56802],[-81.5903,41.56816],[-81.59025,41.56821],[-81.59019,41.56827],[-81.59017,41.56831],[-81.59008,41.56839],[-81.59002,41.56845],[-81.58998,41.56853],[-81.58997,41.56857],[-81.58996,41.56859],[-81.59003,41.56865],[-81.59009,41.5687],[-81.59023,41.56881],[-81.59027,41.56884],[-81.59024,41.5689],[-81.59019,41.56896],[-81.59,41.56918],[-81.58997,41.56924],[-81.5896,41.5697],[-81.58951,41.56983],[-81.58943,41.56992],[-81.58939,41.56998],[-81.58934,41.57003],[-81.5893,41.57009],[-81.58925,41.57015],[-81.58923,41.57018],[-81.5892,41.57021],[-81.58928,41.57026],[-81.5895,41.57043],[-81.58956,41.57046],[-81.58961,41.5705],[-81.58968,41.57055],[-81.58973,41.5706],[-81.58987,41.57068],[-81.59005,41.57083],[-81.59022,41.57093],[-81.59047,41.57112],[-81.59055,41.5712],[-81.59061,41.57123],[-81.59078,41.57135],[-81.59083,41.5714],[-81.59094,41.57152],[-81.59102,41.57164],[-81.592,41.5723],[-81.59209,41.57223],[-81.59439,41.57057],[-81.59201,41.56864],[-81.59313,41.56685],[-81.60009,41.5622],[-81.60019,41.56174],[-81.60045,41.56157],[-81.60105,41.56166],[-81.60414,41.5598],[-81.60454,41.55963],[-81.6039,41.55861],[-81.6041,41.55854],[-81.60414,41.55854],[-81.60423,41.55854],[-81.60429,41.55853],[-81.60439,41.55851],[-81.60453,41.55844],[-81.60471,41.55834],[-81.60487,41.55824],[-81.60492,41.55821],[-81.60597,41.55905],[-81.60799,41.55776],[-81.60785,41.55727],[-81.61116,41.55534],[-81.61265,41.55398],[-81.61999,41.54972],[-81.62271,41.54755],[-81.62646,41.54547],[-81.62648,41.54867],[-81.62827,41.54833],[-81.63101,41.54767],[-81.63138,41.54803],[-81.63141,41.54805],[-81.63145,41.54806],[-81.63326,41.54819],[-81.63329,41.54818],[-81.63339,41.5481],[-81.63377,41.54784],[-81.63487,41.54715],[-81.63491,41.54712],[-81.635,41.54698],[-81.63528,41.5466],[-81.63728,41.54602],[-81.63777,41.54588],[-81.64334,41.54431],[-81.64727,41.54318],[-81.65106,41.54201],[-81.65234,41.54159]]]},"properties":{"ZCTA5":"44108","GEOID":"44108","CENTLAT":"+41.5408818","CENTLON":"-081.6125400"}},{"type":"Feature","geometry":{"type":"Polygon","coordinates":[[[-81.72342,41.42275],[-81.72444,41.42183],[-81.71966,41.42171],[-81.71595,41.42162],[-81.71142,41.42156],[-81.71047,41.42152],[-81.70994,41.42151],[-81.70976,41.4215],[-81.70977,41.42127],[-81.70814,41.42122],[-81.70733,41.42121],[-81.70651,41.42119],[-81.70445,41.42114],[-81.70334,41.42111],[-81.70275,41.42109],[-81.70056,41.42104],[-81.69566,41.42091],[-81.69553,41.42049],[-81.69512,41.41918],[-81.69055,41.41929],[-81.69045,41.41929],[-81.69031,41.4193],[-81.69025,41.4193],[-81.6879,41.41937],[-81.68613,41.4194],[-81.6859,41.4194],[-81.6856,41.41941],[-81.68546,41.41941],[-81.68471,41.41943],[-81.68461,41.41944],[-81.68445,41.41944],[-81.68411,41.41944],[-81.6835,41.41945],[-81.68282,41.41949],[-81.68194,41.41958],[-81.68122,41.41964],[-81.68079,41.41968],[-81.68033,41.41933],[-81.67985,41.41895],[-81.67971,41.41913],[-81.67959,41.41931],[-81.67946,41.41949],[-81.67945,41.4195],[-81.67941,41.41955],[-81.67938,41.4196],[-81.67823,41.42121],[-81.67795,41.4213],[-81.6762,41.42056],[-81.67625,41.42255],[-81.67625,41.42272],[-81.67626,41.42306],[-81.67733,41.42272],[-81.67736,41.42272],[-81.6778,41.4327],[-81.67719,41.43271],[-81.67284,41.43276],[-81.66866,41.43282],[-81.66835,41.43282],[-81.66827,41.43282],[-81.6667,41.43284],[-81.66635,41.43285],[-81.66612,41.43285],[-81.66537,41.43348],[-81.66366,41.43432],[-81.66346,41.4346],[-81.6635,41.4359],[-81.6636,41.43699],[-81.66424,41.43747],[-81.66501,41.43775],[-81.66615,41.43786],[-81.66748,41.43792],[-81.66824,41.43828],[-81.66857,41.43879],[-81.66859,41.43944],[-81.66869,41.44],[-81.66922,41.44019],[-81.67057,41.43989],[-81.67115,41.4393],[-81.67189,41.43829],[-81.67253,41.43842],[-81.67411,41.43901],[-81.67569,41.43993],[-81.67676,41.44075],[-81.67776,41.44141],[-81.67793,41.44187],[-81.6777,41.44246],[-81.67714,41.44323],[-81.67709,41.4437],[-81.67739,41.44407],[-81.67829,41.4444],[-81.67962,41.44453],[-81.68059,41.44423],[-81.68139,41.44372],[-81.68186,41.44373],[-81.68251,41.44405],[-81.68259,41.44409],[-81.68402,41.44523],[-81.68437,41.44586],[-81.68435,41.44603],[-81.68429,41.44677],[-81.68461,41.44716],[-81.68463,41.44735],[-81.68465,41.44752],[-81.68408,41.44824],[-81.68328,41.44891],[-81.6827,41.449],[-81.6823,41.44898],[-81.68225,41.44898],[-81.68194,41.44889],[-81.68165,41.44891],[-81.68142,41.44898],[-81.68131,41.44905],[-81.68123,41.4491],[-81.6812,41.44918],[-81.68116,41.4493],[-81.68122,41.44951],[-81.6815,41.44983],[-81.68198,41.45037],[-81.68221,41.45111],[-81.68252,41.45149],[-81.68289,41.45193],[-81.68357,41.45362],[-81.68383,41.45435],[-81.68412,41.45516],[-81.68365,41.45655],[-81.68329,41.45809],[-81.6829,41.46015],[-81.68265,41.46094],[-81.68218,41.46138],[-81.67935,41.46412],[-81.67755,41.46471],[-81.67726,41.46474],[-81.67403,41.46499],[-81.67304,41.46546],[-81.67068,41.46765],[-81.66902,41.46984],[-81.66902,41.46988],[-81.66923,41.46998],[-81.66924,41.47042],[-81.67012,41.47041],[-81.67377,41.47031],[-81.67395,41.4703],[-81.67436,41.4703],[-81.67464,41.4703],[-81.67491,41.4703],[-81.67504,41.47031],[-81.67522,41.4703],[-81.6775,41.47026],[-81.67754,41.47059],[-81.67765,41.47064],[-81.67777,41.47065],[-81.67843,41.47066],[-81.67857,41.47066],[-81.67914,41.47024],[-81.67925,41.47024],[-81.67939,41.47024],[-81.67975,41.47022],[-81.68046,41.47021],[-81.68061,41.47021],[-81.68086,41.47021],[-81.68125,41.47021],[-81.68144,41.47021],[-81.68175,41.47021],[-81.68882,41.47008],[-81.68991,41.47006],[-81.69045,41.47005],[-81.6905,41.47005],[-81.6912,41.47004],[-81.6921,41.47004],[-81.69216,41.47004],[-81.69235,41.47003],[-81.69256,41.47003],[-81.69266,41.47002],[-81.69274,41.47002],[-81.69285,41.47002],[-81.69287,41.47002],[-81.69312,41.47001],[-81.69384,41.47001],[-81.69385,41.47036],[-81.69409,41.47036],[-81.6941,41.47047],[-81.69458,41.47046],[-81.69458,41.47037],[-81.69544,41.47035],[-81.69545,41.47045],[-81.69582,41.47044],[-81.69581,41.46998],[-81.69693,41.46996],[-81.69824,41.46995],[-81.69972,41.46993],[-81.70149,41.4699],[-81.7015,41.47024],[-81.70186,41.47025],[-81.70187,41.47046],[-81.70196,41.47046],[-81.70197,41.47109],[-81.70305,41.47107],[-81.70305,41.47094],[-81.70311,41.47094],[-81.7031,41.47045],[-81.70342,41.47046],[-81.70344,41.47062],[-81.70391,41.4706],[-81.7039,41.47022],[-81.70389,41.46986],[-81.70432,41.46985],[-81.70546,41.46983],[-81.7065,41.46981],[-81.70753,41.46981],[-81.71028,41.46975],[-81.71066,41.46974],[-81.71219,41.46972],[-81.71333,41.4697],[-81.71334,41.47005],[-81.71345,41.47008],[-81.71372,41.47008],[-81.71374,41.47024],[-81.71395,41.47024],[-81.71395,41.4702],[-81.71405,41.47019],[-81.71406,41.47015],[-81.71508,41.47013],[-81.7151,41.47049],[-81.71597,41.47047],[-81.71596,41.47037],[-81.71596,41.47012],[-81.7165,41.47011],[-81.7165,41.47],[-81.71649,41.46966],[-81.71712,41.46966],[-81.71712,41.4692],[-81.71714,41.46915],[-81.71707,41.46915],[-81.71708,41.46865],[-81.71709,41.46752],[-81.71706,41.46747],[-81.71706,41.46619],[-81.71779,41.46619],[-81.71779,41.46586],[-81.71779,41.46551],[-81.71705,41.46551],[-81.71705,41.46496],[-81.71777,41.46496],[-81.71777,41.4646],[-81.71777,41.46428],[-81.71704,41.46427],[-81.71704,41.46413],[-81.71778,41.46413],[-81.71778,41.4638],[-81.71791,41.4638],[-81.71792,41.46364],[-81.71778,41.46364],[-81.71779,41.46345],[-81.7178,41.46314],[-81.7178,41.46309],[-81.71781,41.46277],[-81.71751,41.46277],[-81.71752,41.46241],[-81.71744,41.46241],[-81.71744,41.46224],[-81.71695,41.46212],[-81.71689,41.45984],[-81.71697,41.45984],[-81.71695,41.45857],[-81.71736,41.45856],[-81.71736,41.45837],[-81.71735,41.45814],[-81.71725,41.45814],[-81.71694,41.45814],[-81.71691,41.45658],[-81.7169,41.45613],[-81.71624,41.456],[-81.71584,41.45592],[-81.71586,41.45585],[-81.71588,41.45577],[-81.71617,41.45563],[-81.71635,41.45557],[-81.7164,41.45532],[-81.71721,41.45497],[-81.71735,41.45497],[-81.7173,41.45467],[-81.71723,41.45455],[-81.71715,41.45441],[-81.71702,41.45431],[-81.71684,41.45418],[-81.71674,41.45399],[-81.7173,41.4538],[-81.71776,41.45345],[-81.71751,41.45338],[-81.71685,41.45316],[-81.71652,41.45305],[-81.71627,41.45295],[-81.71608,41.4529],[-81.71653,41.45142],[-81.71675,41.45069],[-81.71679,41.45058],[-81.71687,41.45036],[-81.71689,41.45029],[-81.71697,41.44997],[-81.71718,41.44924],[-81.71728,41.4489],[-81.7173,41.44885],[-81.71788,41.44704],[-81.71792,41.44672],[-81.71788,41.44331],[-81.71786,41.44286],[-81.71657,41.44292],[-81.71649,41.44194],[-81.71646,41.44147],[-81.71645,41.44108],[-81.71583,41.44108],[-81.71582,41.44067],[-81.71582,41.43987],[-81.71627,41.43987],[-81.71643,41.43987],[-81.71643,41.43906],[-81.71678,41.43906],[-81.71679,41.43949],[-81.71752,41.43949],[-81.71752,41.43939],[-81.71794,41.4394],[-81.71795,41.43907],[-81.71795,41.43827],[-81.71793,41.43738],[-81.71793,41.43646],[-81.71793,41.43642],[-81.71791,41.43557],[-81.71791,41.43475],[-81.7163,41.43474],[-81.71631,41.43385],[-81.71631,41.43298],[-81.71631,41.43213],[-81.7163,41.43173],[-81.71624,41.43021],[-81.71617,41.43019],[-81.71617,41.42993],[-81.7154,41.42993],[-81.71506,41.42992],[-81.71526,41.42974],[-81.7162,41.42896],[-81.71712,41.42897],[-81.71713,41.4287],[-81.71772,41.42871],[-81.71774,41.42801],[-81.71751,41.42801],[-81.71732,41.42801],[-81.71773,41.42763],[-81.71804,41.42735],[-81.71866,41.42681],[-81.71985,41.4258],[-81.72098,41.42486],[-81.7212,41.42501],[-81.72133,41.42508],[-81.72146,41.42513],[-81.72162,41.42518],[-81.72161,41.4249],[-81.72175,41.42478],[-81.72185,41.42477],[-81.72185,41.42473],[-81.72209,41.42472],[-81.72209,41.42434],[-81.7232,41.42434],[-81.72318,41.42364],[-81.72312,41.42306],[-81.72322,41.42295],[-81.72342,41.42275]]]},"properties":{"ZCTA5":"44109","GEOID":"44109","CENTLAT":"+41.4445603","CENTLON":"-081.6967892"}},{"type":"Feature","geometry":{"type":"Polygon","coordinates":[[[-81.59285,41.5728],[-81.59209,41.57223],[-81.592,41.5723],[-81.59102,41.57164],[-81.59094,41.57152],[-81.59083,41.5714],[-81.59078,41.57135],[-81.59061,41.57123],[-81.59055,41.5712],[-81.59047,41.57112],[-81.59022,41.57093],[-81.59005,41.57083],[-81.58987,41.57068],[-81.58973,41.5706],[-81.58968,41.57055],[-81.58961,41.5705],[-81.58956,41.57046],[-81.5895,41.57043],[-81.58928,41.57026],[-81.5892,41.57021],[-81.58923,41.57018],[-81.58925,41.57015],[-81.5893,41.57009],[-81.58934,41.57003],[-81.58939,41.56998],[-81.58943,41.56992],[-81.58951,41.56983],[-81.5896,41.5697],[-81.58997,41.56924],[-81.59,41.56918],[-81.59019,41.56896],[-81.59024,41.5689],[-81.59027,41.56884],[-81.59023,41.56881],[-81.59009,41.5687],[-81.59003,41.56865],[-81.58996,41.56859],[-81.58997,41.56857],[-81.58998,41.56853],[-81.59002,41.56845],[-81.59008,41.56839],[-81.59017,41.56831],[-81.59019,41.56827],[-81.59025,41.56821],[-81.5903,41.56816],[-81.59039,41.56802],[-81.59044,41.56797],[-81.59052,41.56783],[-81.59057,41.56778],[-81.5906,41.56772],[-81.59069,41.56762],[-81.59076,41.56751],[-81.5908,41.56747],[-81.59087,41.56736],[-81.59099,41.56722],[-81.59103,41.56717],[-81.59123,41.56699],[-81.59133,41.56688],[-81.59145,41.56672],[-81.59147,41.56668],[-81.59154,41.56658],[-81.59157,41.56656],[-81.59158,41.56652],[-81.59161,41.56648],[-81.59173,41.56639],[-81.59182,41.56633],[-81.59157,41.56613],[-81.59066,41.56538],[-81.59043,41.56555],[-81.59024,41.56539],[-81.59021,41.56528],[-81.58913,41.56446],[-81.58906,41.56436],[-81.58877,41.56395],[-81.58949,41.56354],[-81.58977,41.56338],[-81.59029,41.56305],[-81.59081,41.56269],[-81.59145,41.5622],[-81.59196,41.56172],[-81.59166,41.56168],[-81.59149,41.56166],[-81.59152,41.56126],[-81.59151,41.56047],[-81.59149,41.55873],[-81.59149,41.55745],[-81.59149,41.55639],[-81.59149,41.55575],[-81.59112,41.55591],[-81.59065,41.55615],[-81.5908,41.55586],[-81.59094,41.55546],[-81.59104,41.55498],[-81.59112,41.55452],[-81.59114,41.55399],[-81.5911,41.55339],[-81.59113,41.55261],[-81.59115,41.54512],[-81.59115,41.54499],[-81.59106,41.54503],[-81.59082,41.54515],[-81.59043,41.54495],[-81.59018,41.54496],[-81.59018,41.5452],[-81.58901,41.54548],[-81.58856,41.54564],[-81.58837,41.54551],[-81.58833,41.54552],[-81.58776,41.54531],[-81.58777,41.54546],[-81.58718,41.54546],[-81.58717,41.54505],[-81.58663,41.54506],[-81.58663,41.54551],[-81.58293,41.54556],[-81.58292,41.54514],[-81.58238,41.54516],[-81.58171,41.54517],[-81.58138,41.54517],[-81.58064,41.54517],[-81.58046,41.54518],[-81.57954,41.54519],[-81.57937,41.54519],[-81.57838,41.54519],[-81.5782,41.54519],[-81.57534,41.54521],[-81.57534,41.5449],[-81.57295,41.54318],[-81.57111,41.54506],[-81.57049,41.54569],[-81.56821,41.54805],[-81.56792,41.54833],[-81.5676,41.54866],[-81.56724,41.54903],[-81.56651,41.5498],[-81.56631,41.54999],[-81.56551,41.55081],[-81.56194,41.55448],[-81.56178,41.55466],[-81.56146,41.55499],[-81.56138,41.55508],[-81.55993,41.55659],[-81.55786,41.55872],[-81.55749,41.55907],[-81.55714,41.55937],[-81.55678,41.55965],[-81.55616,41.56005],[-81.55545,41.56052],[-81.55478,41.56095],[-81.55424,41.56129],[-81.55365,41.56167],[-81.55296,41.5621],[-81.55278,41.56221],[-81.54969,41.56421],[-81.54092,41.56975],[-81.53849,41.57131],[-81.53856,41.57139],[-81.5387,41.57147],[-81.53877,41.5715],[-81.53887,41.57155],[-81.53892,41.57158],[-81.53907,41.57162],[-81.53933,41.57167],[-81.53941,41.57168],[-81.53968,41.5717],[-81.53974,41.5717],[-81.53987,41.57171],[-81.53993,41.57171],[-81.53997,41.57171],[-81.54029,41.57177],[-81.54048,41.57182],[-81.54076,41.57191],[-81.54081,41.57193],[-81.54092,41.57199],[-81.54113,41.5721],[-81.54117,41.57212],[-81.54141,41.57223],[-81.54153,41.57228],[-81.5416,41.5723],[-81.54167,41.57233],[-81.54173,41.57236],[-81.54179,41.57239],[-81.54196,41.57247],[-81.54203,41.5725],[-81.54214,41.57257],[-81.54219,41.5726],[-81.54229,41.57266],[-81.54234,41.5727],[-81.54241,41.57273],[-81.54247,41.57276],[-81.54256,41.57281],[-81.54264,41.57284],[-81.54271,41.57288],[-81.54277,41.57292],[-81.54297,41.57304],[-81.54306,41.5731],[-81.54316,41.57314],[-81.54327,41.57321],[-81.54347,41.57329],[-81.54359,41.57335],[-81.54365,41.57339],[-81.54371,41.5734],[-81.54394,41.57344],[-81.54412,41.57343],[-81.54428,41.57339],[-81.54437,41.57335],[-81.54442,41.57332],[-81.54447,41.5733],[-81.54459,41.57321],[-81.54467,41.57318],[-81.54475,41.57315],[-81.54477,41.57312],[-81.54481,41.5731],[-81.54486,41.57308],[-81.54491,41.57307],[-81.54499,41.57305],[-81.54509,41.57305],[-81.54516,41.57306],[-81.54532,41.5731],[-81.54543,41.57316],[-81.54548,41.57319],[-81.54569,41.5733],[-81.54577,41.57333],[-81.54581,41.57335],[-81.54588,41.57337],[-81.54593,41.5734],[-81.546,41.57343],[-81.54616,41.57347],[-81.54627,41.57351],[-81.5463,41.57353],[-81.54636,41.57354],[-81.5466,41.5737],[-81.54677,41.57378],[-81.54681,41.57381],[-81.54687,41.57385],[-81.54697,41.57394],[-81.54706,41.57404],[-81.54708,41.57407],[-81.54713,41.5741],[-81.54718,41.57414],[-81.54722,41.57418],[-81.54728,41.57423],[-81.54736,41.5743],[-81.54744,41.57439],[-81.54745,41.5744],[-81.54784,41.5741],[-81.54792,41.57419],[-81.54873,41.57486],[-81.54888,41.57478],[-81.549,41.57489],[-81.54915,41.57501],[-81.54935,41.57517],[-81.5495,41.57531],[-81.54949,41.57527],[-81.54948,41.57524],[-81.5495,41.57521],[-81.54957,41.57517],[-81.55091,41.57452],[-81.55109,41.57446],[-81.55342,41.57397],[-81.5572,41.57293],[-81.55897,41.57228],[-81.55925,41.57278],[-81.56263,41.57176],[-81.5645,41.5712],[-81.56498,41.57104],[-81.56581,41.57081],[-81.56665,41.57056],[-81.56781,41.57008],[-81.56949,41.56935],[-81.571,41.56872],[-81.57226,41.56826],[-81.57239,41.56821],[-81.57268,41.5681],[-81.57321,41.56792],[-81.57383,41.5677],[-81.57515,41.5673],[-81.57552,41.56716],[-81.57546,41.56752],[-81.57545,41.5676],[-81.57544,41.56767],[-81.57543,41.5677],[-81.57541,41.56789],[-81.57385,41.56841],[-81.5697,41.56993],[-81.56966,41.56995],[-81.56911,41.57016],[-81.56802,41.57056],[-81.5668,41.57098],[-81.56554,41.57138],[-81.56357,41.57198],[-81.56369,41.5722],[-81.56342,41.57228],[-81.56318,41.57235],[-81.56221,41.57267],[-81.5612,41.57295],[-81.5607,41.5731],[-81.56074,41.57539],[-81.56074,41.57559],[-81.56037,41.57559],[-81.5603,41.57563],[-81.5603,41.57581],[-81.56024,41.57581],[-81.56024,41.57625],[-81.56074,41.57625],[-81.56075,41.57704],[-81.56102,41.57704],[-81.56123,41.57705],[-81.56133,41.57704],[-81.56135,41.57813],[-81.56139,41.57992],[-81.56152,41.57992],[-81.56155,41.58071],[-81.561,41.58072],[-81.56078,41.58072],[-81.55918,41.58073],[-81.55924,41.58141],[-81.55924,41.58153],[-81.55921,41.58159],[-81.5592,41.58167],[-81.55923,41.58174],[-81.55928,41.58179],[-81.55954,41.582],[-81.55998,41.58233],[-81.56015,41.58256],[-81.56047,41.58339],[-81.56062,41.58378],[-81.56076,41.58391],[-81.561,41.58406],[-81.56127,41.58418],[-81.56178,41.58422],[-81.56247,41.58426],[-81.5629,41.5843],[-81.56365,41.58435],[-81.56377,41.58438],[-81.5639,41.58444],[-81.56404,41.58455],[-81.56412,41.58463],[-81.56414,41.58472],[-81.56413,41.58487],[-81.56406,41.58508],[-81.564,41.58522],[-81.5648,41.58581],[-81.56525,41.58623],[-81.56547,41.58657],[-81.56544,41.58673],[-81.56536,41.5867],[-81.56531,41.58674],[-81.56523,41.58675],[-81.56518,41.58674],[-81.56514,41.58674],[-81.56505,41.58673],[-81.56493,41.58674],[-81.5649,41.58674],[-81.56487,41.58674],[-81.56477,41.58678],[-81.56473,41.5868],[-81.56468,41.58681],[-81.56464,41.58684],[-81.56453,41.58687],[-81.56446,41.58689],[-81.56438,41.5869],[-81.56425,41.58694],[-81.56417,41.58694],[-81.56411,41.58696],[-81.56394,41.58699],[-81.56388,41.58701],[-81.56383,41.58704],[-81.5638,41.58709],[-81.56634,41.5888],[-81.56822,41.5901],[-81.57027,41.58841],[-81.57122,41.58763],[-81.57187,41.5871],[-81.57258,41.58652],[-81.57373,41.58557],[-81.57414,41.58524],[-81.57602,41.58395],[-81.57757,41.5829],[-81.58191,41.57986],[-81.58653,41.57704],[-81.59017,41.57479],[-81.59285,41.5728]]]},"properties":{"ZCTA5":"44110","GEOID":"44110","CENTLAT":"+41.5654217","CENTLON":"-081.5718925"}},{"type":"Feature","geometry":{"type":"Polygon","coordinates":[[[-81.60097,41.51994],[-81.60094,41.51911],[-81.60068,41.51912],[-81.60026,41.51767],[-81.5998,41.51798],[-81.59869,41.51794],[-81.59862,41.5179],[-81.59835,41.51774],[-81.59811,41.51757],[-81.59803,41.51752],[-81.59779,41.51738],[-81.5963,41.51652],[-81.59547,41.51604],[-81.59538,41.51598],[-81.59569,41.5157],[-81.59641,41.51611],[-81.5967,41.51613],[-81.5969,41.51594],[-81.59846,41.51442],[-81.59876,41.51413],[-81.5989,41.514],[-81.59876,41.51392],[-81.59862,41.51391],[-81.59844,41.51392],[-81.59829,41.51386],[-81.59822,41.51376],[-81.59826,41.51367],[-81.59836,41.51352],[-81.59841,41.51333],[-81.59839,41.51317],[-81.59833,41.51307],[-81.59822,41.51301],[-81.5981,41.51299],[-81.59782,41.51301],[-81.5976,41.51308],[-81.59728,41.51318],[-81.59707,41.51329],[-81.59694,41.51338],[-81.59678,41.51353],[-81.59638,41.51345],[-81.59597,41.51328],[-81.59566,41.5131],[-81.59552,41.51299],[-81.59536,41.51279],[-81.5948,41.51291],[-81.59477,41.51299],[-81.59473,41.51316],[-81.59468,41.5133],[-81.5946,41.51339],[-81.59436,41.51352],[-81.59397,41.51366],[-81.59374,41.51374],[-81.59351,41.5138],[-81.59324,41.51386],[-81.59291,41.51389],[-81.59258,41.51388],[-81.59228,41.51382],[-81.59124,41.5135],[-81.59122,41.51613],[-81.58559,41.51615],[-81.58401,41.51996],[-81.58428,41.52013],[-81.58458,41.52042],[-81.5852,41.52118],[-81.58549,41.5214],[-81.58579,41.52158],[-81.58624,41.52177],[-81.58473,41.52324],[-81.58376,41.52307],[-81.58269,41.52296],[-81.58161,41.52299],[-81.581,41.52302],[-81.58067,41.52297],[-81.58029,41.52289],[-81.57966,41.52272],[-81.57932,41.52268],[-81.57897,41.52269],[-81.57853,41.52277],[-81.57802,41.52291],[-81.57657,41.52332],[-81.57606,41.52342],[-81.57581,41.52345],[-81.57546,41.52349],[-81.57514,41.52348],[-81.57462,41.52347],[-81.57399,41.52338],[-81.57373,41.52333],[-81.57196,41.52339],[-81.57122,41.52336],[-81.57018,41.52334],[-81.56764,41.5234],[-81.5653,41.52337],[-81.56479,41.52342],[-81.56363,41.52383],[-81.56297,41.52408],[-81.56171,41.52451],[-81.56092,41.52475],[-81.5608,41.52479],[-81.56038,41.52491],[-81.55973,41.52514],[-81.55886,41.52555],[-81.55786,41.52603],[-81.55663,41.52714],[-81.55632,41.52753],[-81.5558,41.52821],[-81.5557,41.53253],[-81.55569,41.53641],[-81.55571,41.53725],[-81.55609,41.53741],[-81.55544,41.53795],[-81.55589,41.53788],[-81.55592,41.53993],[-81.55597,41.54306],[-81.55597,41.54321],[-81.55575,41.54323],[-81.5557,41.54323],[-81.5553,41.54336],[-81.55492,41.5436],[-81.5547,41.54386],[-81.55392,41.54529],[-81.55375,41.54559],[-81.55327,41.54644],[-81.55306,41.54676],[-81.55287,41.54698],[-81.55261,41.5472],[-81.5523,41.54739],[-81.55183,41.54757],[-81.55137,41.54768],[-81.54989,41.54805],[-81.54974,41.54811],[-81.55012,41.54845],[-81.54937,41.54891],[-81.54996,41.54941],[-81.55076,41.55009],[-81.54982,41.55082],[-81.55248,41.55269],[-81.55338,41.552],[-81.55501,41.55351],[-81.55449,41.55386],[-81.5536,41.5545],[-81.55272,41.55514],[-81.55172,41.55437],[-81.55108,41.55387],[-81.55069,41.55333],[-81.5505,41.55278],[-81.55034,41.55282],[-81.55021,41.55268],[-81.55013,41.55264],[-81.55001,41.55259],[-81.5497,41.55256],[-81.54917,41.55258],[-81.54906,41.5525],[-81.5486,41.55268],[-81.54864,41.55508],[-81.54901,41.55533],[-81.54911,41.55518],[-81.5492,41.55524],[-81.54954,41.5555],[-81.54888,41.55599],[-81.54857,41.55613],[-81.54873,41.55614],[-81.54891,41.55618],[-81.54909,41.55626],[-81.54921,41.55632],[-81.54941,41.55648],[-81.55012,41.55698],[-81.54963,41.55733],[-81.54868,41.55798],[-81.54779,41.55855],[-81.55053,41.56033],[-81.5521,41.56145],[-81.55365,41.56167],[-81.55424,41.56129],[-81.55478,41.56095],[-81.55545,41.56052],[-81.55616,41.56005],[-81.55678,41.55965],[-81.55714,41.55937],[-81.55749,41.55907],[-81.55786,41.55872],[-81.55993,41.55659],[-81.56138,41.55508],[-81.56146,41.55499],[-81.56178,41.55466],[-81.56194,41.55448],[-81.56551,41.55081],[-81.56631,41.54999],[-81.56651,41.5498],[-81.56724,41.54903],[-81.5676,41.54866],[-81.56792,41.54833],[-81.56821,41.54805],[-81.57049,41.54569],[-81.57111,41.54506],[-81.57295,41.54318],[-81.57534,41.5449],[-81.57534,41.54521],[-81.5782,41.54519],[-81.57838,41.54519],[-81.57937,41.54519],[-81.57954,41.54519],[-81.58046,41.54518],[-81.58064,41.54517],[-81.58138,41.54517],[-81.58171,41.54517],[-81.58238,41.54516],[-81.58292,41.54514],[-81.58293,41.54556],[-81.58663,41.54551],[-81.58663,41.54506],[-81.58717,41.54505],[-81.58718,41.54546],[-81.58777,41.54546],[-81.58776,41.54531],[-81.58833,41.54552],[-81.58837,41.54551],[-81.58856,41.54564],[-81.58901,41.54548],[-81.59018,41.5452],[-81.59018,41.54496],[-81.59043,41.54495],[-81.59082,41.54515],[-81.59106,41.54503],[-81.59115,41.54499],[-81.59123,41.54494],[-81.59148,41.54481],[-81.59147,41.54057],[-81.59147,41.53973],[-81.59145,41.53731],[-81.59144,41.53468],[-81.59143,41.53066],[-81.59143,41.53044],[-81.59117,41.53044],[-81.59117,41.52966],[-81.59119,41.52878],[-81.5912,41.52805],[-81.59141,41.52819],[-81.59167,41.5283],[-81.59183,41.52833],[-81.59187,41.52834],[-81.59321,41.52834],[-81.59346,41.52835],[-81.5938,41.52843],[-81.5941,41.52856],[-81.59438,41.52877],[-81.59537,41.52965],[-81.59572,41.52998],[-81.59589,41.53016],[-81.59599,41.53032],[-81.59607,41.53047],[-81.59705,41.53055],[-81.59768,41.5306],[-81.59824,41.53064],[-81.59822,41.5304],[-81.59821,41.52997],[-81.59821,41.52932],[-81.5982,41.52874],[-81.5982,41.52866],[-81.59818,41.52798],[-81.59817,41.52705],[-81.59841,41.52711],[-81.5986,41.52716],[-81.59859,41.52706],[-81.59867,41.52706],[-81.5986,41.52678],[-81.59871,41.52677],[-81.5986,41.52633],[-81.59859,41.52628],[-81.59868,41.52627],[-81.59861,41.52601],[-81.59874,41.52601],[-81.59864,41.52567],[-81.59873,41.52566],[-81.59872,41.5256],[-81.59872,41.52518],[-81.59896,41.52518],[-81.599,41.52517],[-81.59892,41.52383],[-81.59891,41.52363],[-81.59848,41.52364],[-81.59812,41.52364],[-81.5981,41.52305],[-81.59803,41.52305],[-81.59803,41.52278],[-81.59825,41.52279],[-81.59825,41.52263],[-81.59852,41.52263],[-81.59853,41.52123],[-81.59849,41.5212],[-81.5985,41.52092],[-81.59853,41.52092],[-81.59853,41.5209],[-81.59854,41.52015],[-81.59903,41.52015],[-81.59903,41.51999],[-81.59923,41.51983],[-81.59942,41.51991],[-81.60004,41.51974],[-81.60009,41.51996],[-81.60097,41.51994]]]},"properties":{"ZCTA5":"44112","GEOID":"44112","CENTLAT":"+41.5356253","CENTLON":"-081.5737478"}},{"type":"Feature","geometry":{"type":"Polygon","coordinates":[[[-81.71772,41.47882],[-81.71773,41.47831],[-81.71709,41.47854],[-81.71714,41.47731],[-81.71712,41.47702],[-81.71734,41.47703],[-81.71734,41.4769],[-81.7165,41.4769],[-81.7165,41.47682],[-81.71648,41.47597],[-81.71648,41.47587],[-81.71648,41.47567],[-81.71648,41.47555],[-81.71648,41.47528],[-81.71647,41.47509],[-81.71647,41.47497],[-81.71647,41.47475],[-81.71646,41.47461],[-81.71707,41.4746],[-81.71706,41.47389],[-81.71718,41.47388],[-81.71718,41.4737],[-81.71719,41.47362],[-81.71646,41.47362],[-81.71653,41.47304],[-81.71657,41.47285],[-81.71655,41.47236],[-81.71655,41.47227],[-81.71654,41.47193],[-81.71701,41.47193],[-81.71706,41.4703],[-81.71701,41.4703],[-81.7165,41.47028],[-81.7165,41.47011],[-81.71596,41.47012],[-81.71596,41.47037],[-81.71597,41.47047],[-81.7151,41.47049],[-81.71508,41.47013],[-81.71406,41.47015],[-81.71405,41.47019],[-81.71395,41.4702],[-81.71395,41.47024],[-81.71374,41.47024],[-81.71372,41.47008],[-81.71345,41.47008],[-81.71334,41.47005],[-81.71333,41.4697],[-81.71219,41.46972],[-81.71066,41.46974],[-81.71028,41.46975],[-81.70753,41.46981],[-81.7065,41.46981],[-81.70546,41.46983],[-81.70432,41.46985],[-81.70389,41.46986],[-81.7039,41.47022],[-81.70391,41.4706],[-81.70344,41.47062],[-81.70342,41.47046],[-81.7031,41.47045],[-81.70311,41.47094],[-81.70305,41.47094],[-81.70305,41.47107],[-81.70197,41.47109],[-81.70196,41.47046],[-81.70187,41.47046],[-81.70186,41.47025],[-81.7015,41.47024],[-81.70149,41.4699],[-81.69972,41.46993],[-81.69824,41.46995],[-81.69693,41.46996],[-81.69581,41.46998],[-81.69582,41.47044],[-81.69545,41.47045],[-81.69544,41.47035],[-81.69458,41.47037],[-81.69458,41.47046],[-81.6941,41.47047],[-81.69409,41.47036],[-81.69385,41.47036],[-81.69384,41.47001],[-81.69312,41.47001],[-81.69287,41.47002],[-81.69285,41.47002],[-81.69274,41.47002],[-81.69266,41.47002],[-81.69256,41.47003],[-81.69235,41.47003],[-81.69216,41.47004],[-81.6921,41.47004],[-81.6912,41.47004],[-81.6905,41.47005],[-81.69045,41.47005],[-81.68991,41.47006],[-81.68882,41.47008],[-81.68175,41.47021],[-81.68144,41.47021],[-81.68125,41.47021],[-81.68086,41.47021],[-81.68061,41.47021],[-81.68046,41.47021],[-81.67975,41.47022],[-81.67939,41.47024],[-81.67925,41.47024],[-81.67914,41.47024],[-81.67857,41.47066],[-81.67843,41.47066],[-81.67777,41.47065],[-81.67765,41.47064],[-81.67754,41.47059],[-81.6775,41.47026],[-81.67522,41.4703],[-81.67504,41.47031],[-81.67491,41.4703],[-81.67464,41.4703],[-81.67436,41.4703],[-81.67395,41.4703],[-81.67377,41.47031],[-81.67012,41.47041],[-81.66924,41.47042],[-81.66923,41.46998],[-81.66902,41.46988],[-81.669,41.47044],[-81.669,41.47068],[-81.66897,41.4718],[-81.66896,41.47195],[-81.66947,41.47334],[-81.67002,41.47442],[-81.67024,41.47477],[-81.67108,41.47612],[-81.67153,41.47683],[-81.67323,41.47819],[-81.67354,41.47844],[-81.67358,41.47848],[-81.67374,41.4786],[-81.67379,41.47864],[-81.67401,41.47882],[-81.67443,41.4792],[-81.67484,41.47957],[-81.67565,41.4803],[-81.67624,41.48197],[-81.67635,41.48226],[-81.67635,41.48228],[-81.67636,41.48231],[-81.67668,41.48319],[-81.67732,41.48475],[-81.67741,41.48497],[-81.67897,41.48601],[-81.67985,41.48696],[-81.68079,41.48919],[-81.68163,41.48953],[-81.68174,41.48957],[-81.6834,41.48903],[-81.6856,41.48807],[-81.68584,41.48832],[-81.68591,41.48839],[-81.68616,41.48864],[-81.68598,41.48878],[-81.68584,41.48891],[-81.68579,41.489],[-81.68561,41.48954],[-81.68561,41.48963],[-81.68552,41.48966],[-81.68233,41.49046],[-81.68187,41.49055],[-81.68148,41.49058],[-81.68103,41.4906],[-81.68084,41.49057],[-81.68044,41.49051],[-81.68015,41.49045],[-81.67979,41.49033],[-81.67947,41.49021],[-81.67903,41.49001],[-81.67622,41.48872],[-81.67586,41.48856],[-81.67557,41.48846],[-81.67521,41.48834],[-81.67484,41.48823],[-81.67454,41.48816],[-81.67453,41.48853],[-81.6745,41.48892],[-81.67449,41.48917],[-81.67448,41.48935],[-81.67696,41.4905],[-81.67769,41.49084],[-81.67846,41.49112],[-81.67799,41.49228],[-81.67813,41.49232],[-81.67917,41.49256],[-81.67985,41.49267],[-81.68103,41.4928],[-81.6814,41.49286],[-81.68151,41.49287],[-81.68178,41.4929],[-81.68188,41.49291],[-81.68236,41.49303],[-81.68268,41.49313],[-81.6832,41.49334],[-81.68389,41.49363],[-81.6839,41.49364],[-81.68407,41.49371],[-81.68409,41.49372],[-81.68412,41.49374],[-81.68417,41.49376],[-81.68434,41.49383],[-81.68442,41.49387],[-81.68511,41.49351],[-81.68539,41.49333],[-81.68558,41.49341],[-81.68561,41.49343],[-81.6858,41.49351],[-81.68627,41.49372],[-81.6863,41.49374],[-81.68628,41.49389],[-81.68637,41.49399],[-81.68709,41.49492],[-81.68719,41.49508],[-81.68788,41.49539],[-81.68891,41.49585],[-81.68971,41.4963],[-81.69025,41.49654],[-81.69067,41.49656],[-81.69112,41.49658],[-81.69116,41.49658],[-81.6933,41.49672],[-81.69313,41.49763],[-81.6927,41.4976],[-81.69216,41.4979],[-81.69311,41.499],[-81.69363,41.4996],[-81.69369,41.49967],[-81.69372,41.49971],[-81.69426,41.50033],[-81.69478,41.5009],[-81.69516,41.50132],[-81.69491,41.50145],[-81.69425,41.50181],[-81.6939,41.502],[-81.69532,41.50361],[-81.69571,41.50341],[-81.69658,41.50295],[-81.69837,41.50207],[-81.69845,41.5022],[-81.69901,41.50283],[-81.69912,41.50277],[-81.69928,41.50296],[-81.69922,41.50305],[-81.69921,41.50306],[-81.69931,41.50316],[-81.6996,41.50349],[-81.69974,41.50367],[-81.69977,41.50366],[-81.69985,41.50362],[-81.7036,41.5021],[-81.70637,41.50102],[-81.70855,41.50023],[-81.70904,41.50005],[-81.7089,41.49972],[-81.70807,41.49908],[-81.70831,41.49868],[-81.70848,41.49828],[-81.70913,41.4978],[-81.71055,41.49755],[-81.71191,41.49731],[-81.71329,41.49451],[-81.71376,41.49337],[-81.71348,41.49298],[-81.71317,41.49255],[-81.71302,41.49234],[-81.71278,41.49209],[-81.71272,41.492],[-81.71269,41.49197],[-81.71264,41.49194],[-81.71259,41.49192],[-81.71192,41.49102],[-81.71178,41.49081],[-81.7117,41.49068],[-81.71168,41.49065],[-81.71164,41.49059],[-81.71188,41.49045],[-81.71238,41.49009],[-81.71259,41.48992],[-81.71295,41.48968],[-81.71328,41.48945],[-81.71369,41.48921],[-81.71408,41.48902],[-81.71464,41.4888],[-81.71529,41.4886],[-81.7159,41.48849],[-81.71644,41.48841],[-81.71672,41.4884],[-81.71687,41.4884],[-81.71712,41.48824],[-81.71714,41.48817],[-81.71732,41.48817],[-81.7175,41.48815],[-81.71759,41.48813],[-81.71765,41.48809],[-81.71769,41.488],[-81.71771,41.48789],[-81.7177,41.48732],[-81.7177,41.48682],[-81.7177,41.48633],[-81.71769,41.48574],[-81.71769,41.48516],[-81.7177,41.48481],[-81.7174,41.48481],[-81.71709,41.4848],[-81.71709,41.48443],[-81.7171,41.48387],[-81.71711,41.48343],[-81.71711,41.48301],[-81.71712,41.48277],[-81.71742,41.48277],[-81.71772,41.48277],[-81.71772,41.48253],[-81.71725,41.48253],[-81.71712,41.48253],[-81.71711,41.48235],[-81.71711,41.48128],[-81.71711,41.48095],[-81.71741,41.48096],[-81.71772,41.48097],[-81.71772,41.4808],[-81.71772,41.48063],[-81.71737,41.48063],[-81.71737,41.48038],[-81.71735,41.48022],[-81.71725,41.48021],[-81.71724,41.48013],[-81.71713,41.48013],[-81.71713,41.47956],[-81.71747,41.47956],[-81.71748,41.47948],[-81.71719,41.47901],[-81.71772,41.47882]]]},"properties":{"ZCTA5":"44113","GEOID":"44113","CENTLAT":"+41.4834048","CENTLON":"-081.6963884"}},{"type":"Feature","geometry":{"type":"Polygon","coordinates":[[[-81.71493,41.50745],[-81.71481,41.5073],[-81.71245,41.50435],[-81.7116,41.50317],[-81.71109,41.50264],[-81.71094,41.50249],[-81.71095,41.5024],[-81.71045,41.50195],[-81.7104,41.5019],[-81.70904,41.50005],[-81.70855,41.50023],[-81.70637,41.50102],[-81.7036,41.5021],[-81.69985,41.50362],[-81.69977,41.50366],[-81.69974,41.50367],[-81.6996,41.50349],[-81.69931,41.50316],[-81.69921,41.50306],[-81.69922,41.50305],[-81.69928,41.50296],[-81.69912,41.50277],[-81.69901,41.50283],[-81.69845,41.5022],[-81.69837,41.50207],[-81.69658,41.50295],[-81.69571,41.50341],[-81.69532,41.50361],[-81.6939,41.502],[-81.69425,41.50181],[-81.69491,41.50145],[-81.69516,41.50132],[-81.69478,41.5009],[-81.69426,41.50033],[-81.69372,41.49971],[-81.69369,41.49967],[-81.69363,41.4996],[-81.69311,41.499],[-81.69216,41.4979],[-81.69142,41.49806],[-81.69138,41.49806],[-81.69088,41.49815],[-81.69064,41.49818],[-81.69095,41.49887],[-81.69119,41.49958],[-81.69034,41.49968],[-81.68924,41.49983],[-81.68739,41.50008],[-81.68724,41.49946],[-81.68678,41.49953],[-81.68632,41.49975],[-81.6867,41.50019],[-81.68678,41.50029],[-81.68745,41.50105],[-81.68608,41.50169],[-81.68573,41.50125],[-81.6848,41.50172],[-81.68454,41.50058],[-81.68443,41.5006],[-81.68298,41.50078],[-81.68333,41.50218],[-81.68139,41.50238],[-81.68153,41.50316],[-81.68039,41.50325],[-81.67922,41.50338],[-81.67804,41.5035],[-81.67712,41.5036],[-81.67665,41.50365],[-81.67609,41.5037],[-81.67498,41.50378],[-81.67462,41.50193],[-81.6746,41.50174],[-81.67352,41.50186],[-81.67233,41.502],[-81.66989,41.50227],[-81.66988,41.50251],[-81.6699,41.50287],[-81.66994,41.50319],[-81.67,41.50346],[-81.6701,41.50379],[-81.67017,41.50399],[-81.67025,41.50422],[-81.67009,41.50424],[-81.67006,41.50424],[-81.67001,41.50425],[-81.6692,41.50434],[-81.66904,41.50436],[-81.6685,41.50444],[-81.66838,41.50446],[-81.6683,41.50437],[-81.66846,41.50374],[-81.66854,41.50362],[-81.6686,41.50352],[-81.66854,41.50318],[-81.66783,41.50326],[-81.66755,41.50329],[-81.66778,41.5045],[-81.66706,41.50453],[-81.66537,41.50459],[-81.66388,41.50464],[-81.66293,41.50469],[-81.66219,41.50473],[-81.66084,41.50494],[-81.65899,41.50526],[-81.65833,41.50535],[-81.65834,41.50542],[-81.65835,41.50547],[-81.65835,41.50549],[-81.65854,41.50655],[-81.6587,41.50655],[-81.66102,41.50629],[-81.66127,41.50756],[-81.66141,41.50824],[-81.66128,41.50825],[-81.66019,41.50836],[-81.66026,41.50879],[-81.65972,41.50886],[-81.65991,41.50987],[-81.66015,41.50981],[-81.6603,41.50979],[-81.66045,41.50979],[-81.66055,41.5102],[-81.65989,41.51039],[-81.66271,41.51228],[-81.66395,41.51315],[-81.66349,41.51335],[-81.66216,41.51385],[-81.66263,41.51442],[-81.66329,41.51413],[-81.66438,41.51543],[-81.66454,41.51561],[-81.66432,41.51571],[-81.66443,41.51585],[-81.66399,41.51607],[-81.66428,41.51642],[-81.66467,41.51688],[-81.66146,41.5184],[-81.6591,41.51952],[-81.65623,41.52089],[-81.65309,41.52238],[-81.6534,41.52273],[-81.65308,41.52288],[-81.65298,41.52292],[-81.65194,41.52296],[-81.65193,41.52384],[-81.65197,41.52591],[-81.65196,41.526],[-81.6528,41.52598],[-81.6542,41.52601],[-81.65211,41.52701],[-81.65193,41.52709],[-81.65193,41.52722],[-81.65198,41.52777],[-81.65198,41.52874],[-81.65198,41.52898],[-81.65198,41.52901],[-81.65198,41.5292],[-81.65198,41.52939],[-81.65199,41.52956],[-81.652,41.53],[-81.652,41.53027],[-81.652,41.53033],[-81.65198,41.53054],[-81.65209,41.53248],[-81.6522,41.53523],[-81.65222,41.53584],[-81.65234,41.54159],[-81.65446,41.54089],[-81.66006,41.5387],[-81.66544,41.53658],[-81.66573,41.53647],[-81.66835,41.53537],[-81.67115,41.53419],[-81.67905,41.53032],[-81.68079,41.52942],[-81.68579,41.52681],[-81.69074,41.52368],[-81.69729,41.51885],[-81.70156,41.51602],[-81.70401,41.51439],[-81.71056,41.50968],[-81.71074,41.50966],[-81.71493,41.50745]]]},"properties":{"ZCTA5":"44114","GEOID":"44114","CENTLAT":"+41.5171381","CENTLON":"-081.6786556"}},{"type":"Feature","geometry":{"type":"Polygon","coordinates":[[[-81.69313,41.49763],[-81.6933,41.49672],[-81.69116,41.49658],[-81.69112,41.49658],[-81.69067,41.49656],[-81.69025,41.49654],[-81.68971,41.4963],[-81.68891,41.49585],[-81.68788,41.49539],[-81.68719,41.49508],[-81.68709,41.49492],[-81.68637,41.49399],[-81.68628,41.49389],[-81.6863,41.49374],[-81.68627,41.49372],[-81.6858,41.49351],[-81.68561,41.49343],[-81.68558,41.49341],[-81.68539,41.49333],[-81.68511,41.49351],[-81.68442,41.49387],[-81.68434,41.49383],[-81.68417,41.49376],[-81.68412,41.49374],[-81.68409,41.49372],[-81.68407,41.49371],[-81.6839,41.49364],[-81.68389,41.49363],[-81.6832,41.49334],[-81.68268,41.49313],[-81.68236,41.49303],[-81.68188,41.49291],[-81.68178,41.4929],[-81.68151,41.49287],[-81.6814,41.49286],[-81.68103,41.4928],[-81.67985,41.49267],[-81.67917,41.49256],[-81.67813,41.49232],[-81.67799,41.49228],[-81.6774,41.49216],[-81.67604,41.49188],[-81.67581,41.49183],[-81.67565,41.4918],[-81.67327,41.49132],[-81.67277,41.49122],[-81.67141,41.49094],[-81.67063,41.49077],[-81.6701,41.49066],[-81.66989,41.49061],[-81.66962,41.49055],[-81.66933,41.49049],[-81.66869,41.49033],[-81.66854,41.4903],[-81.66844,41.49028],[-81.66809,41.4902],[-81.6678,41.49014],[-81.66773,41.49013],[-81.66735,41.49002],[-81.66713,41.48993],[-81.66682,41.4898],[-81.6666,41.48969],[-81.66634,41.48955],[-81.66613,41.48943],[-81.66598,41.48933],[-81.66611,41.48877],[-81.66627,41.48831],[-81.66633,41.48814],[-81.66668,41.4877],[-81.66682,41.48755],[-81.66679,41.4874],[-81.66677,41.48734],[-81.66672,41.48713],[-81.6669,41.48729],[-81.66697,41.48734],[-81.66743,41.48755],[-81.66844,41.488],[-81.66875,41.48815],[-81.66898,41.4882],[-81.66944,41.48831],[-81.67178,41.48876],[-81.67242,41.48891],[-81.67316,41.48904],[-81.67448,41.48935],[-81.67449,41.48917],[-81.6745,41.48892],[-81.67453,41.48853],[-81.67454,41.48816],[-81.67484,41.48823],[-81.67521,41.48834],[-81.67557,41.48846],[-81.67586,41.48856],[-81.67622,41.48872],[-81.67903,41.49001],[-81.67947,41.49021],[-81.67979,41.49033],[-81.68015,41.49045],[-81.68044,41.49051],[-81.68084,41.49057],[-81.68103,41.4906],[-81.68148,41.49058],[-81.68187,41.49055],[-81.68233,41.49046],[-81.68552,41.48966],[-81.68561,41.48963],[-81.68561,41.48954],[-81.68579,41.489],[-81.68584,41.48891],[-81.68598,41.48878],[-81.68616,41.48864],[-81.68591,41.48839],[-81.68584,41.48832],[-81.6856,41.48807],[-81.6834,41.48903],[-81.68174,41.48957],[-81.68163,41.48953],[-81.68079,41.48919],[-81.67985,41.48696],[-81.67897,41.48601],[-81.67741,41.48497],[-81.67732,41.48475],[-81.67668,41.48319],[-81.67636,41.48231],[-81.67635,41.48228],[-81.67635,41.48226],[-81.67624,41.48197],[-81.67565,41.4803],[-81.67484,41.47957],[-81.67443,41.4792],[-81.67401,41.47882],[-81.67379,41.47864],[-81.67374,41.4786],[-81.67358,41.47848],[-81.67354,41.47844],[-81.67323,41.47819],[-81.67303,41.47822],[-81.67109,41.47849],[-81.67057,41.47852],[-81.66881,41.47778],[-81.66762,41.47717],[-81.66729,41.47669],[-81.66718,41.47641],[-81.66723,41.47601],[-81.6642,41.47664],[-81.66393,41.47672],[-81.66313,41.47655],[-81.66293,41.47655],[-81.66273,41.47658],[-81.66204,41.47675],[-81.66146,41.47696],[-81.66104,41.47653],[-81.66068,41.47615],[-81.66054,41.476],[-81.66071,41.47674],[-81.66098,41.47761],[-81.66129,41.47856],[-81.66156,41.47935],[-81.66163,41.47957],[-81.66169,41.47975],[-81.6617,41.47978],[-81.66166,41.47977],[-81.66158,41.47977],[-81.6616,41.47982],[-81.66161,41.47986],[-81.66163,41.47991],[-81.6615,41.47991],[-81.66129,41.4799],[-81.66096,41.47989],[-81.6592,41.47981],[-81.65855,41.47977],[-81.65799,41.47974],[-81.65731,41.47971],[-81.65661,41.47967],[-81.65616,41.47966],[-81.65574,41.47965],[-81.65543,41.47965],[-81.65497,41.47966],[-81.65371,41.47968],[-81.65147,41.47972],[-81.65147,41.47977],[-81.65147,41.47981],[-81.65147,41.48053],[-81.65147,41.48063],[-81.65149,41.48098],[-81.6515,41.48128],[-81.6515,41.4814],[-81.6515,41.4815],[-81.6515,41.48161],[-81.65151,41.48187],[-81.65177,41.48185],[-81.65239,41.48183],[-81.65307,41.48184],[-81.65474,41.48198],[-81.6553,41.482],[-81.65766,41.4831],[-81.66025,41.48431],[-81.66043,41.4844],[-81.66029,41.48478],[-81.66036,41.48491],[-81.66037,41.485],[-81.66034,41.48513],[-81.65994,41.48653],[-81.65988,41.48671],[-81.65963,41.48737],[-81.65944,41.4879],[-81.65922,41.48854],[-81.65891,41.48945],[-81.65883,41.48968],[-81.65866,41.49019],[-81.65856,41.49047],[-81.6585,41.49062],[-81.65831,41.4912],[-81.65778,41.4926],[-81.65771,41.49279],[-81.65822,41.49286],[-81.65842,41.49289],[-81.65795,41.49418],[-81.65742,41.49563],[-81.65671,41.49547],[-81.65635,41.49645],[-81.65699,41.49647],[-81.65739,41.49649],[-81.65805,41.49975],[-81.65788,41.49977],[-81.65714,41.49987],[-81.6574,41.501],[-81.65768,41.50222],[-81.65797,41.50353],[-81.65798,41.50357],[-81.65799,41.50364],[-81.658,41.50366],[-81.65833,41.50535],[-81.65899,41.50526],[-81.66084,41.50494],[-81.66219,41.50473],[-81.66293,41.50469],[-81.66388,41.50464],[-81.66537,41.50459],[-81.66706,41.50453],[-81.66778,41.5045],[-81.66755,41.50329],[-81.66783,41.50326],[-81.66854,41.50318],[-81.6686,41.50352],[-81.66854,41.50362],[-81.66846,41.50374],[-81.6683,41.50437],[-81.66838,41.50446],[-81.6685,41.50444],[-81.66904,41.50436],[-81.6692,41.50434],[-81.67001,41.50425],[-81.67006,41.50424],[-81.67009,41.50424],[-81.67025,41.50422],[-81.67017,41.50399],[-81.6701,41.50379],[-81.67,41.50346],[-81.66994,41.50319],[-81.6699,41.50287],[-81.66988,41.50251],[-81.66989,41.50227],[-81.67233,41.502],[-81.67352,41.50186],[-81.6746,41.50174],[-81.67462,41.50193],[-81.67498,41.50378],[-81.67609,41.5037],[-81.67665,41.50365],[-81.67712,41.5036],[-81.67804,41.5035],[-81.67922,41.50338],[-81.68039,41.50325],[-81.68153,41.50316],[-81.68139,41.50238],[-81.68333,41.50218],[-81.68298,41.50078],[-81.68443,41.5006],[-81.68454,41.50058],[-81.6848,41.50172],[-81.68573,41.50125],[-81.68608,41.50169],[-81.68745,41.50105],[-81.68678,41.50029],[-81.6867,41.50019],[-81.68632,41.49975],[-81.68678,41.49953],[-81.68724,41.49946],[-81.68739,41.50008],[-81.68924,41.49983],[-81.69034,41.49968],[-81.69119,41.49958],[-81.69095,41.49887],[-81.69064,41.49818],[-81.69088,41.49815],[-81.69138,41.49806],[-81.69142,41.49806],[-81.69216,41.4979],[-81.6927,41.4976],[-81.69313,41.49763]]]},"properties":{"ZCTA5":"44115","GEOID":"44115","CENTLAT":"+41.4921100","CENTLON":"-081.6700556"}},{"type":"Feature","geometry":{"type":"Polygon","coordinates":[[[-81.59126,41.51062],[-81.59127,41.50871],[-81.58802,41.50872],[-81.5879,41.50872],[-81.58415,41.51015],[-81.58255,41.51075],[-81.58169,41.51108],[-81.57998,41.51172],[-81.57998,41.51086],[-81.57998,41.51061],[-81.57998,41.50949],[-81.57995,41.50815],[-81.57997,41.50628],[-81.57996,41.50496],[-81.57997,41.5037],[-81.57997,41.50245],[-81.57998,41.50238],[-81.57996,41.50116],[-81.57996,41.50093],[-81.5805,41.50099],[-81.5809,41.49856],[-81.58081,41.4984],[-81.58096,41.49794],[-81.581,41.49727],[-81.58114,41.49651],[-81.58125,41.49594],[-81.58062,41.49566],[-81.58049,41.4956],[-81.58077,41.4948],[-81.5811,41.49371],[-81.58113,41.49345],[-81.58174,41.49214],[-81.58184,41.49196],[-81.58259,41.49113],[-81.58204,41.49084],[-81.58221,41.49056],[-81.58237,41.49003],[-81.58209,41.48981],[-81.58175,41.48951],[-81.58111,41.48895],[-81.57983,41.48832],[-81.579,41.48792],[-81.5781,41.48759],[-81.57774,41.48747],[-81.57692,41.48717],[-81.57613,41.48654],[-81.57582,41.48635],[-81.57572,41.48629],[-81.57521,41.48599],[-81.57499,41.48585],[-81.57328,41.48492],[-81.57117,41.48474],[-81.5694,41.48458],[-81.56915,41.48456],[-81.56508,41.4842],[-81.56508,41.48392],[-81.56508,41.48305],[-81.56464,41.48292],[-81.56409,41.48281],[-81.56358,41.48278],[-81.56273,41.48276],[-81.56219,41.48272],[-81.56184,41.48264],[-81.56119,41.48235],[-81.56055,41.48187],[-81.56017,41.48164],[-81.55969,41.48138],[-81.55928,41.48121],[-81.55885,41.48108],[-81.55834,41.48094],[-81.55757,41.48086],[-81.55706,41.48086],[-81.55567,41.48099],[-81.55489,41.481],[-81.55438,41.48097],[-81.5533,41.48081],[-81.55273,41.48067],[-81.55223,41.48052],[-81.55167,41.48033],[-81.55126,41.48022],[-81.55095,41.48015],[-81.55036,41.48014],[-81.55057,41.48039],[-81.55062,41.48043],[-81.55077,41.48056],[-81.551,41.48075],[-81.5514,41.48111],[-81.55149,41.48125],[-81.5516,41.48145],[-81.55164,41.48167],[-81.55165,41.4818],[-81.55164,41.48195],[-81.55158,41.48217],[-81.55145,41.48238],[-81.55132,41.48254],[-81.55114,41.4827],[-81.55093,41.48284],[-81.5507,41.48294],[-81.55066,41.48296],[-81.55019,41.48316],[-81.54947,41.48306],[-81.5491,41.48306],[-81.54862,41.48308],[-81.5479,41.48316],[-81.54718,41.48329],[-81.54656,41.48345],[-81.54597,41.48352],[-81.54528,41.4835],[-81.54452,41.48337],[-81.54387,41.48329],[-81.5432,41.48329],[-81.5426,41.48341],[-81.54196,41.48347],[-81.54146,41.48345],[-81.54124,41.48343],[-81.54084,41.48345],[-81.54043,41.48354],[-81.54002,41.48363],[-81.5386,41.48471],[-81.53827,41.48449],[-81.53774,41.48427],[-81.53699,41.48396],[-81.53659,41.48386],[-81.53623,41.48382],[-81.53626,41.4859],[-81.53597,41.48595],[-81.53568,41.48605],[-81.53465,41.48518],[-81.53381,41.48583],[-81.52862,41.48597],[-81.52835,41.48574],[-81.52742,41.48644],[-81.52574,41.48641],[-81.52476,41.48641],[-81.5244,41.4864],[-81.52441,41.486],[-81.52434,41.48596],[-81.5243,41.48593],[-81.52391,41.48581],[-81.52169,41.48584],[-81.52157,41.48589],[-81.51856,41.48581],[-81.51815,41.48636],[-81.51705,41.48635],[-81.51704,41.48698],[-81.51796,41.48698],[-81.51813,41.48698],[-81.51814,41.48706],[-81.51814,41.48739],[-81.51813,41.48851],[-81.51876,41.48851],[-81.51882,41.48851],[-81.51962,41.48914],[-81.5185,41.48914],[-81.51779,41.48914],[-81.51779,41.48936],[-81.51773,41.49226],[-81.51705,41.49226],[-81.51707,41.49335],[-81.51705,41.49389],[-81.51701,41.49466],[-81.51705,41.49544],[-81.51703,41.49578],[-81.51702,41.49631],[-81.517,41.49677],[-81.517,41.49761],[-81.51702,41.49801],[-81.51735,41.49844],[-81.51945,41.50136],[-81.5212,41.50136],[-81.52149,41.50136],[-81.52149,41.49975],[-81.52287,41.49981],[-81.52306,41.49983],[-81.52317,41.5001],[-81.52326,41.50036],[-81.52331,41.50066],[-81.52332,41.50096],[-81.5233,41.50136],[-81.52415,41.50135],[-81.52459,41.50137],[-81.52459,41.50127],[-81.52459,41.50087],[-81.5257,41.50087],[-81.52571,41.50013],[-81.5266,41.50014],[-81.5266,41.49952],[-81.52719,41.49954],[-81.5272,41.4991],[-81.53135,41.4991],[-81.53135,41.49964],[-81.53134,41.50138],[-81.53134,41.5024],[-81.53631,41.5024],[-81.53633,41.50307],[-81.53631,41.50339],[-81.53632,41.50384],[-81.53633,41.50438],[-81.53633,41.50457],[-81.53635,41.50531],[-81.53635,41.50601],[-81.54121,41.50601],[-81.54585,41.50601],[-81.54608,41.50601],[-81.54612,41.50601],[-81.54611,41.50838],[-81.54437,41.50842],[-81.54152,41.50843],[-81.54152,41.50919],[-81.54149,41.50998],[-81.54148,41.51079],[-81.54148,41.51161],[-81.54147,41.51243],[-81.54441,41.51243],[-81.54442,41.51308],[-81.54625,41.51312],[-81.54643,41.52064],[-81.54822,41.52056],[-81.54865,41.52054],[-81.55001,41.52051],[-81.55217,41.52045],[-81.55233,41.52045],[-81.55282,41.52043],[-81.55283,41.5206],[-81.55285,41.52302],[-81.55319,41.52318],[-81.55439,41.5232],[-81.55438,41.52434],[-81.55462,41.52451],[-81.55578,41.52452],[-81.55594,41.52452],[-81.55676,41.52452],[-81.55713,41.52506],[-81.55776,41.52592],[-81.55786,41.52603],[-81.55886,41.52555],[-81.55973,41.52514],[-81.56038,41.52491],[-81.5608,41.52479],[-81.56092,41.52475],[-81.56171,41.52451],[-81.56297,41.52408],[-81.56363,41.52383],[-81.56479,41.52342],[-81.5653,41.52337],[-81.56764,41.5234],[-81.57018,41.52334],[-81.57122,41.52336],[-81.57196,41.52339],[-81.57373,41.52333],[-81.57399,41.52338],[-81.57462,41.52347],[-81.57514,41.52348],[-81.57546,41.52349],[-81.57581,41.52345],[-81.57606,41.52342],[-81.57657,41.52332],[-81.57802,41.52291],[-81.57853,41.52277],[-81.57897,41.52269],[-81.57932,41.52268],[-81.57966,41.52272],[-81.58029,41.52289],[-81.58067,41.52297],[-81.581,41.52302],[-81.58161,41.52299],[-81.58269,41.52296],[-81.58376,41.52307],[-81.58473,41.52324],[-81.58624,41.52177],[-81.58579,41.52158],[-81.58549,41.5214],[-81.5852,41.52118],[-81.58458,41.52042],[-81.58428,41.52013],[-81.58401,41.51996],[-81.58559,41.51615],[-81.59122,41.51613],[-81.59124,41.5135],[-81.59124,41.51258],[-81.59126,41.51062]]]},"properties":{"ZCTA5":"44118","GEOID":"44118","CENTLAT":"+41.5016093","CENTLON":"-081.5565274"}},{"type":"Feature","geometry":{"type":"Polygon","coordinates":[[[-81.60852,41.47478],[-81.60853,41.47452],[-81.60806,41.47458],[-81.60794,41.47448],[-81.60785,41.47432],[-81.60777,41.47423],[-81.60789,41.47389],[-81.60792,41.47375],[-81.60799,41.47357],[-81.608,41.47328],[-81.60803,41.47298],[-81.60805,41.47267],[-81.60807,41.47237],[-81.60803,41.4719],[-81.60794,41.4716],[-81.60772,41.4714],[-81.60751,41.47127],[-81.60729,41.47117],[-81.6069,41.47106],[-81.60577,41.47113],[-81.60536,41.47117],[-81.60469,41.47125],[-81.60427,41.47128],[-81.60383,41.4713],[-81.60384,41.46997],[-81.60384,41.46947],[-81.60435,41.46947],[-81.60433,41.46837],[-81.60286,41.46806],[-81.60288,41.46726],[-81.60288,41.46677],[-81.60323,41.46677],[-81.60354,41.46677],[-81.60353,41.46645],[-81.60352,41.46426],[-81.60357,41.46426],[-81.60417,41.46427],[-81.60417,41.46365],[-81.60356,41.46365],[-81.60288,41.46366],[-81.60176,41.46366],[-81.60066,41.46368],[-81.59938,41.4637],[-81.59929,41.4637],[-81.59815,41.4637],[-81.59688,41.4637],[-81.59651,41.4637],[-81.59562,41.46371],[-81.59453,41.46372],[-81.59453,41.46417],[-81.59405,41.46419],[-81.59405,41.46436],[-81.59374,41.46436],[-81.59373,41.46409],[-81.59331,41.46407],[-81.59332,41.46436],[-81.59246,41.46436],[-81.59246,41.46426],[-81.59244,41.46425],[-81.59189,41.46426],[-81.59188,41.46373],[-81.59117,41.46374],[-81.59117,41.46263],[-81.59275,41.46261],[-81.59275,41.46165],[-81.59175,41.46166],[-81.59175,41.46124],[-81.59205,41.46124],[-81.59203,41.45927],[-81.59192,41.45926],[-81.5919,41.45907],[-81.59176,41.45906],[-81.59176,41.45878],[-81.59146,41.45878],[-81.59117,41.45878],[-81.59117,41.45834],[-81.59117,41.45783],[-81.59272,41.45782],[-81.59273,41.45688],[-81.59273,41.45571],[-81.59234,41.45571],[-81.59115,41.45571],[-81.59115,41.45525],[-81.59115,41.4544],[-81.59115,41.45433],[-81.59115,41.45393],[-81.59115,41.4534],[-81.59115,41.45316],[-81.59167,41.45315],[-81.59165,41.45292],[-81.59182,41.45291],[-81.59181,41.45257],[-81.59115,41.45259],[-81.59115,41.45271],[-81.59092,41.45271],[-81.59056,41.45271],[-81.59057,41.45291],[-81.59057,41.4531],[-81.58988,41.45309],[-81.58908,41.45307],[-81.58759,41.4531],[-81.58491,41.45313],[-81.58492,41.45344],[-81.58461,41.45345],[-81.58463,41.45436],[-81.5852,41.45435],[-81.58521,41.45523],[-81.58511,41.45523],[-81.58511,41.4553],[-81.58512,41.45563],[-81.5851,41.45564],[-81.5851,41.45573],[-81.5851,41.45586],[-81.58509,41.4561],[-81.58527,41.4561],[-81.58528,41.45656],[-81.58527,41.45749],[-81.58464,41.4575],[-81.58327,41.45751],[-81.58231,41.4575],[-81.58133,41.45751],[-81.58013,41.45751],[-81.57858,41.45752],[-81.57712,41.45752],[-81.57554,41.45754],[-81.57432,41.45755],[-81.57308,41.45756],[-81.5725,41.45755],[-81.5725,41.45716],[-81.57188,41.45716],[-81.56853,41.45715],[-81.5649,41.45718],[-81.55899,41.45717],[-81.5555,41.45721],[-81.55551,41.45766],[-81.55551,41.45803],[-81.5561,41.45814],[-81.55609,41.45966],[-81.55552,41.45993],[-81.55552,41.46007],[-81.55553,41.46071],[-81.55608,41.46092],[-81.55605,41.46406],[-81.55555,41.46406],[-81.55556,41.46451],[-81.55553,41.46471],[-81.55547,41.46487],[-81.55532,41.46509],[-81.55516,41.46524],[-81.5549,41.46545],[-81.55557,41.46545],[-81.55559,41.46556],[-81.55559,41.46588],[-81.55579,41.46588],[-81.55583,41.46593],[-81.55583,41.46643],[-81.55362,41.46643],[-81.5534,41.46644],[-81.55339,41.46661],[-81.55337,41.46675],[-81.55363,41.46675],[-81.55578,41.46675],[-81.55579,41.46729],[-81.55523,41.46729],[-81.55518,41.46727],[-81.55486,41.46771],[-81.55501,41.46783],[-81.55535,41.46775],[-81.55581,41.46772],[-81.55587,41.46813],[-81.5562,41.46816],[-81.5562,41.46863],[-81.55627,41.46873],[-81.55618,41.47125],[-81.55572,41.47139],[-81.55569,41.47187],[-81.55605,41.47196],[-81.55595,41.47251],[-81.55591,41.4725],[-81.5556,41.47244],[-81.55528,41.47244],[-81.55503,41.47248],[-81.55431,41.47258],[-81.55409,41.47259],[-81.55317,41.47258],[-81.55217,41.47315],[-81.55181,41.47336],[-81.5503,41.47423],[-81.55003,41.47449],[-81.55048,41.47519],[-81.55047,41.47772],[-81.54984,41.47818],[-81.54984,41.47836],[-81.54994,41.47861],[-81.5501,41.47886],[-81.5502,41.47909],[-81.55025,41.47928],[-81.55027,41.47947],[-81.55027,41.47971],[-81.55023,41.48008],[-81.55036,41.48014],[-81.55095,41.48015],[-81.55126,41.48022],[-81.55167,41.48033],[-81.55223,41.48052],[-81.55273,41.48067],[-81.5533,41.48081],[-81.55438,41.48097],[-81.55489,41.481],[-81.55567,41.48099],[-81.55706,41.48086],[-81.55757,41.48086],[-81.55834,41.48094],[-81.55885,41.48108],[-81.55928,41.48121],[-81.55969,41.48138],[-81.56017,41.48164],[-81.56055,41.48187],[-81.56119,41.48235],[-81.56184,41.48264],[-81.56219,41.48272],[-81.56273,41.48276],[-81.56358,41.48278],[-81.56409,41.48281],[-81.56464,41.48292],[-81.56508,41.48305],[-81.56508,41.48392],[-81.56508,41.4842],[-81.56915,41.48456],[-81.5694,41.48458],[-81.57117,41.48474],[-81.57328,41.48492],[-81.57499,41.48585],[-81.57521,41.48599],[-81.57572,41.48629],[-81.57582,41.48635],[-81.57613,41.48654],[-81.57692,41.48717],[-81.57774,41.48747],[-81.5781,41.48759],[-81.579,41.48792],[-81.57983,41.48832],[-81.58111,41.48895],[-81.58175,41.48951],[-81.58209,41.48981],[-81.58237,41.49003],[-81.58302,41.49061],[-81.58759,41.4915],[-81.59269,41.49272],[-81.59365,41.49295],[-81.59749,41.49377],[-81.60023,41.49435],[-81.60162,41.49464],[-81.6016,41.49463],[-81.60159,41.49461],[-81.60153,41.49442],[-81.60148,41.49425],[-81.60147,41.49406],[-81.60147,41.49368],[-81.60146,41.49346],[-81.6015,41.49243],[-81.60154,41.49109],[-81.60157,41.49041],[-81.6017,41.48991],[-81.60192,41.48915],[-81.60209,41.48848],[-81.60252,41.48773],[-81.6029,41.48694],[-81.60293,41.48681],[-81.60293,41.4866],[-81.6029,41.48613],[-81.6029,41.48571],[-81.60288,41.48512],[-81.6029,41.48498],[-81.60291,41.48424],[-81.60291,41.48388],[-81.60291,41.48386],[-81.60327,41.48387],[-81.60562,41.48388],[-81.6065,41.48388],[-81.60651,41.48293],[-81.6039,41.48292],[-81.60389,41.48247],[-81.60388,41.48224],[-81.6029,41.48227],[-81.60291,41.481],[-81.6029,41.48061],[-81.60362,41.48061],[-81.6036,41.47966],[-81.60345,41.47966],[-81.60345,41.47926],[-81.6036,41.47926],[-81.60361,41.4785],[-81.60352,41.47849],[-81.60352,41.47804],[-81.60317,41.47804],[-81.60288,41.47804],[-81.60288,41.47713],[-81.60288,41.47706],[-81.60288,41.47618],[-81.60289,41.4755],[-81.60289,41.47526],[-81.60289,41.4748],[-81.60852,41.47478]]]},"properties":{"ZCTA5":"44120","GEOID":"44120","CENTLAT":"+41.4733178","CENTLON":"-081.5802155"}},{"type":"Feature","geometry":{"type":"Polygon","coordinates":[[[-81.55786,41.52603],[-81.55776,41.52592],[-81.55713,41.52506],[-81.55676,41.52452],[-81.55594,41.52452],[-81.55578,41.52452],[-81.55462,41.52451],[-81.55438,41.52434],[-81.55439,41.5232],[-81.55319,41.52318],[-81.55285,41.52302],[-81.55283,41.5206],[-81.55282,41.52043],[-81.55233,41.52045],[-81.55217,41.52045],[-81.55001,41.52051],[-81.54865,41.52054],[-81.54822,41.52056],[-81.54643,41.52064],[-81.54625,41.51312],[-81.54442,41.51308],[-81.54441,41.51243],[-81.54147,41.51243],[-81.54148,41.51161],[-81.54148,41.51079],[-81.54149,41.50998],[-81.54152,41.50919],[-81.54152,41.50843],[-81.54437,41.50842],[-81.54611,41.50838],[-81.54612,41.50601],[-81.54608,41.50601],[-81.54585,41.50601],[-81.54121,41.50601],[-81.53635,41.50601],[-81.53635,41.50531],[-81.53633,41.50457],[-81.53633,41.50438],[-81.53632,41.50384],[-81.53631,41.50339],[-81.53633,41.50307],[-81.53631,41.5024],[-81.53134,41.5024],[-81.53134,41.50138],[-81.53135,41.49964],[-81.53135,41.4991],[-81.5272,41.4991],[-81.52719,41.49954],[-81.5266,41.49952],[-81.5266,41.50014],[-81.52571,41.50013],[-81.5257,41.50087],[-81.52459,41.50087],[-81.52459,41.50127],[-81.52459,41.50137],[-81.52415,41.50135],[-81.5233,41.50136],[-81.52332,41.50096],[-81.52331,41.50066],[-81.52326,41.50036],[-81.52317,41.5001],[-81.52306,41.49983],[-81.52287,41.49981],[-81.52149,41.49975],[-81.52149,41.50136],[-81.5212,41.50136],[-81.51945,41.50136],[-81.51735,41.49844],[-81.51702,41.49801],[-81.51654,41.49849],[-81.51691,41.49869],[-81.51689,41.49889],[-81.51733,41.49951],[-81.51748,41.49977],[-81.51769,41.50041],[-81.51741,41.50041],[-81.51684,41.50041],[-81.51684,41.50063],[-81.51684,41.50136],[-81.51802,41.50136],[-81.51803,41.50181],[-81.51804,41.50196],[-81.51689,41.50195],[-81.51687,41.5019],[-81.5155,41.50189],[-81.5155,41.50181],[-81.51503,41.50178],[-81.51274,41.50193],[-81.5127,41.50241],[-81.5127,41.50249],[-81.51268,41.5035],[-81.51268,41.50429],[-81.51268,41.50457],[-81.51266,41.50561],[-81.51269,41.50791],[-81.51269,41.50826],[-81.5127,41.51072],[-81.51245,41.51073],[-81.51153,41.51073],[-81.51138,41.5162],[-81.51135,41.51771],[-81.51135,41.51839],[-81.51136,41.51948],[-81.51136,41.51974],[-81.51093,41.51974],[-81.50977,41.51976],[-81.50906,41.51977],[-81.50908,41.52065],[-81.50861,41.52066],[-81.50859,41.5228],[-81.50905,41.5228],[-81.50904,41.52323],[-81.50721,41.52322],[-81.50721,41.5242],[-81.50722,41.52576],[-81.50722,41.52622],[-81.50724,41.52826],[-81.50723,41.5289],[-81.50723,41.52932],[-81.50723,41.52948],[-81.50723,41.53016],[-81.50722,41.53076],[-81.50723,41.53079],[-81.50729,41.53085],[-81.50742,41.53094],[-81.50748,41.531],[-81.50769,41.53108],[-81.50786,41.53113],[-81.50786,41.5342],[-81.50948,41.53393],[-81.50949,41.53398],[-81.51004,41.53387],[-81.51014,41.53386],[-81.51013,41.53372],[-81.51046,41.53374],[-81.51047,41.53455],[-81.51023,41.53459],[-81.51024,41.53513],[-81.51028,41.53685],[-81.51029,41.53766],[-81.51034,41.53784],[-81.51032,41.53825],[-81.51173,41.53832],[-81.51174,41.53851],[-81.51298,41.53845],[-81.51297,41.53827],[-81.51681,41.53842],[-81.52044,41.53688],[-81.52054,41.53697],[-81.52058,41.537],[-81.52062,41.53705],[-81.52066,41.53708],[-81.52073,41.53716],[-81.52078,41.53721],[-81.52088,41.53735],[-81.52091,41.53738],[-81.52093,41.53744],[-81.52096,41.53748],[-81.52104,41.53767],[-81.52107,41.53779],[-81.52107,41.53784],[-81.52108,41.53789],[-81.52114,41.538],[-81.52117,41.53803],[-81.52119,41.53807],[-81.52122,41.53809],[-81.52133,41.53816],[-81.52141,41.53819],[-81.52146,41.53821],[-81.52162,41.53828],[-81.52191,41.53839],[-81.52198,41.53841],[-81.52212,41.53847],[-81.52218,41.53851],[-81.52223,41.53853],[-81.52239,41.53863],[-81.52242,41.53867],[-81.52246,41.53869],[-81.52258,41.53881],[-81.52261,41.53884],[-81.52296,41.53877],[-81.52338,41.53922],[-81.52389,41.53968],[-81.52515,41.54074],[-81.52632,41.54175],[-81.52664,41.542],[-81.52681,41.54221],[-81.52692,41.54258],[-81.52695,41.54307],[-81.52713,41.54367],[-81.52715,41.54436],[-81.5276,41.54533],[-81.52889,41.54535],[-81.53274,41.54535],[-81.53455,41.54675],[-81.53622,41.54804],[-81.53683,41.54851],[-81.53856,41.54913],[-81.53897,41.54994],[-81.54019,41.55082],[-81.5405,41.55106],[-81.54284,41.55158],[-81.54316,41.5519],[-81.54386,41.5526],[-81.54386,41.55288],[-81.54386,41.55368],[-81.54389,41.55396],[-81.54413,41.55604],[-81.54597,41.55736],[-81.54634,41.55765],[-81.54674,41.55788],[-81.54705,41.55805],[-81.54723,41.55818],[-81.54779,41.55855],[-81.54868,41.55798],[-81.54963,41.55733],[-81.55012,41.55698],[-81.54941,41.55648],[-81.54921,41.55632],[-81.54909,41.55626],[-81.54891,41.55618],[-81.54873,41.55614],[-81.54857,41.55613],[-81.54888,41.55599],[-81.54954,41.5555],[-81.5492,41.55524],[-81.54911,41.55518],[-81.54901,41.55533],[-81.54864,41.55508],[-81.5486,41.55268],[-81.54906,41.5525],[-81.54917,41.55258],[-81.5497,41.55256],[-81.55001,41.55259],[-81.55013,41.55264],[-81.55021,41.55268],[-81.55034,41.55282],[-81.5505,41.55278],[-81.55069,41.55333],[-81.55108,41.55387],[-81.55172,41.55437],[-81.55272,41.55514],[-81.5536,41.5545],[-81.55449,41.55386],[-81.55501,41.55351],[-81.55338,41.552],[-81.55248,41.55269],[-81.54982,41.55082],[-81.55076,41.55009],[-81.54996,41.54941],[-81.54937,41.54891],[-81.55012,41.54845],[-81.54974,41.54811],[-81.54989,41.54805],[-81.55137,41.54768],[-81.55183,41.54757],[-81.5523,41.54739],[-81.55261,41.5472],[-81.55287,41.54698],[-81.55306,41.54676],[-81.55327,41.54644],[-81.55375,41.54559],[-81.55392,41.54529],[-81.5547,41.54386],[-81.55492,41.5436],[-81.5553,41.54336],[-81.5557,41.54323],[-81.55575,41.54323],[-81.55597,41.54321],[-81.55597,41.54306],[-81.55592,41.53993],[-81.55589,41.53788],[-81.55544,41.53795],[-81.55609,41.53741],[-81.55571,41.53725],[-81.55569,41.53641],[-81.5557,41.53253],[-81.5558,41.52821],[-81.55632,41.52753],[-81.55663,41.52714],[-81.55786,41.52603]]]},"properties":{"ZCTA5":"44121","GEOID":"44121","CENTLAT":"+41.5262427","CENTLON":"-081.5324329"}},{"type":"Feature","geometry":{"type":"Polygon","coordinates":[[[-81.54608,41.60801],[-81.54348,41.60537],[-81.54321,41.60516],[-81.54315,41.60499],[-81.54305,41.60489],[-81.54204,41.60397],[-81.54284,41.60346],[-81.54265,41.60329],[-81.5425,41.60315],[-81.54229,41.60329],[-81.54211,41.60341],[-81.54199,41.6033],[-81.54116,41.60256],[-81.54106,41.60262],[-81.54076,41.60282],[-81.54037,41.60247],[-81.54022,41.60221],[-81.53961,41.60166],[-81.53971,41.6016],[-81.54034,41.60121],[-81.54029,41.60105],[-81.54027,41.60008],[-81.54027,41.59945],[-81.54027,41.59867],[-81.54027,41.5979],[-81.54026,41.59717],[-81.54026,41.59636],[-81.54026,41.59591],[-81.54025,41.5956],[-81.54025,41.59502],[-81.54025,41.59485],[-81.54024,41.59412],[-81.54024,41.59407],[-81.54023,41.59332],[-81.54023,41.59304],[-81.54022,41.59262],[-81.54022,41.59232],[-81.54022,41.59184],[-81.53634,41.59186],[-81.53568,41.59187],[-81.53522,41.59188],[-81.53522,41.59166],[-81.53522,41.59138],[-81.53454,41.59134],[-81.53419,41.59133],[-81.53419,41.59137],[-81.53217,41.59139],[-81.5306,41.59141],[-81.53059,41.59174],[-81.52881,41.59171],[-81.5288,41.59137],[-81.52878,41.59048],[-81.52792,41.59048],[-81.52737,41.59048],[-81.52734,41.58867],[-81.52675,41.58868],[-81.52674,41.58786],[-81.52615,41.58812],[-81.52567,41.58833],[-81.52501,41.58869],[-81.52462,41.58892],[-81.52352,41.58957],[-81.52292,41.58991],[-81.52251,41.59016],[-81.52147,41.59076],[-81.52069,41.59121],[-81.52022,41.59149],[-81.52019,41.5915],[-81.51999,41.59164],[-81.51989,41.5917],[-81.51933,41.59204],[-81.51862,41.59245],[-81.51839,41.59258],[-81.51737,41.59318],[-81.51638,41.5938],[-81.5143,41.59502],[-81.51393,41.59524],[-81.51372,41.59536],[-81.51358,41.59545],[-81.51229,41.59629],[-81.51158,41.59673],[-81.51074,41.59723],[-81.51032,41.59748],[-81.51033,41.59852],[-81.51067,41.59853],[-81.51066,41.59911],[-81.50973,41.59911],[-81.50973,41.59953],[-81.50977,41.60037],[-81.50977,41.60043],[-81.50977,41.60194],[-81.50972,41.602],[-81.50973,41.6023],[-81.51004,41.6023],[-81.51004,41.60252],[-81.50973,41.60254],[-81.50974,41.60281],[-81.50979,41.60281],[-81.50979,41.60316],[-81.50974,41.60316],[-81.50974,41.60485],[-81.50999,41.60487],[-81.51,41.60539],[-81.50968,41.60539],[-81.50971,41.60565],[-81.51005,41.60565],[-81.51005,41.60593],[-81.51017,41.60593],[-81.51018,41.60614],[-81.51108,41.60614],[-81.51111,41.60695],[-81.50915,41.60703],[-81.50918,41.60743],[-81.50917,41.60831],[-81.50917,41.60881],[-81.50917,41.60921],[-81.50918,41.61006],[-81.50969,41.61006],[-81.50971,41.61093],[-81.50972,41.61184],[-81.50963,41.61184],[-81.50965,41.61275],[-81.5098,41.61275],[-81.50981,41.61508],[-81.50981,41.61721],[-81.50951,41.61721],[-81.50918,41.6172],[-81.50918,41.61783],[-81.50919,41.6179],[-81.5092,41.61795],[-81.50925,41.61804],[-81.50951,41.61794],[-81.50959,41.61791],[-81.50959,41.61964],[-81.50948,41.62067],[-81.5094,41.62071],[-81.50937,41.62074],[-81.50926,41.62079],[-81.50923,41.62081],[-81.50912,41.62088],[-81.50904,41.62089],[-81.50897,41.62093],[-81.5089,41.62095],[-81.50877,41.621],[-81.50981,41.62404],[-81.51018,41.62391],[-81.51143,41.62324],[-81.51597,41.62084],[-81.51623,41.62076],[-81.51855,41.62004],[-81.52007,41.61963],[-81.52321,41.61878],[-81.528,41.61771],[-81.53244,41.61606],[-81.53323,41.61577],[-81.5346,41.61514],[-81.53612,41.61443],[-81.53953,41.61252],[-81.54018,41.61216],[-81.54325,41.61009],[-81.54608,41.60801]]]},"properties":{"ZCTA5":"44123","GEOID":"44123","CENTLAT":"+41.6053926","CENTLON":"-081.5250537"}},{"type":"Feature","geometry":{"type":"Polygon","coordinates":[[[-81.68463,41.44735],[-81.68461,41.44716],[-81.68429,41.44677],[-81.68435,41.44603],[-81.68437,41.44586],[-81.68402,41.44523],[-81.68259,41.44409],[-81.68251,41.44405],[-81.68186,41.44373],[-81.68139,41.44372],[-81.68059,41.44423],[-81.67962,41.44453],[-81.67829,41.4444],[-81.67739,41.44407],[-81.67709,41.4437],[-81.67714,41.44323],[-81.6777,41.44246],[-81.67793,41.44187],[-81.67776,41.44141],[-81.67676,41.44075],[-81.67569,41.43993],[-81.67411,41.43901],[-81.67253,41.43842],[-81.67189,41.43829],[-81.67115,41.4393],[-81.67057,41.43989],[-81.66922,41.44019],[-81.66869,41.44],[-81.66859,41.43944],[-81.66857,41.43879],[-81.66824,41.43828],[-81.66748,41.43792],[-81.66615,41.43786],[-81.66501,41.43775],[-81.66424,41.43747],[-81.6636,41.43699],[-81.6635,41.4359],[-81.66346,41.4346],[-81.66366,41.43432],[-81.66537,41.43348],[-81.66612,41.43285],[-81.66638,41.43263],[-81.66659,41.43247],[-81.66774,41.43156],[-81.66869,41.43064],[-81.66918,41.42992],[-81.66917,41.42922],[-81.66876,41.42807],[-81.66844,41.42754],[-81.66708,41.42743],[-81.66595,41.42702],[-81.66567,41.42692],[-81.66505,41.42646],[-81.66392,41.42567],[-81.66358,41.42528],[-81.66366,41.42418],[-81.66359,41.42327],[-81.66342,41.42238],[-81.66289,41.4221],[-81.66125,41.42209],[-81.66069,41.42202],[-81.65953,41.42154],[-81.65881,41.42098],[-81.65817,41.42071],[-81.65813,41.42061],[-81.65809,41.42048],[-81.65804,41.42028],[-81.65805,41.42018],[-81.6579,41.41996],[-81.6577,41.4198],[-81.65726,41.41973],[-81.65718,41.41972],[-81.65569,41.41938],[-81.65562,41.41942],[-81.6553,41.41959],[-81.65472,41.41991],[-81.65471,41.41999],[-81.65469,41.4204],[-81.65456,41.42067],[-81.65449,41.42083],[-81.65433,41.42099],[-81.65419,41.42113],[-81.6524,41.42153],[-81.65224,41.42156],[-81.65199,41.42157],[-81.65174,41.42151],[-81.6516,41.42133],[-81.65146,41.42105],[-81.65143,41.42094],[-81.65155,41.42],[-81.65188,41.41937],[-81.65196,41.41924],[-81.65173,41.41935],[-81.65116,41.4199],[-81.65044,41.42052],[-81.65037,41.42057],[-81.65004,41.42046],[-81.64799,41.41971],[-81.6479,41.41889],[-81.64806,41.41849],[-81.6481,41.41837],[-81.64773,41.41826],[-81.64708,41.41792],[-81.64642,41.41712],[-81.64608,41.41688],[-81.64572,41.41689],[-81.64514,41.41701],[-81.64502,41.41738],[-81.64479,41.41774],[-81.64447,41.41788],[-81.64344,41.41782],[-81.6434,41.41782],[-81.64337,41.41781],[-81.64333,41.41781],[-81.64324,41.41781],[-81.64189,41.41768],[-81.64159,41.4176],[-81.64085,41.41741],[-81.64042,41.41696],[-81.64043,41.41684],[-81.64058,41.41548],[-81.64124,41.41515],[-81.64134,41.41444],[-81.64136,41.41432],[-81.64136,41.41425],[-81.64133,41.41415],[-81.64128,41.41408],[-81.6412,41.41401],[-81.64105,41.41353],[-81.64092,41.41346],[-81.64082,41.4134],[-81.64074,41.41333],[-81.64068,41.41328],[-81.6406,41.41315],[-81.64062,41.41275],[-81.63897,41.41174],[-81.63771,41.41094],[-81.63698,41.41041],[-81.63653,41.41004],[-81.63612,41.40969],[-81.63574,41.40935],[-81.63507,41.40865],[-81.63494,41.40848],[-81.63391,41.40866],[-81.63382,41.40845],[-81.6338,41.4084],[-81.63374,41.40821],[-81.63365,41.40792],[-81.63343,41.40722],[-81.63298,41.40588],[-81.63251,41.40448],[-81.63186,41.40236],[-81.63177,41.40194],[-81.63057,41.39875],[-81.63046,41.39857],[-81.63031,41.39827],[-81.63018,41.39789],[-81.62977,41.39708],[-81.6296,41.39659],[-81.62956,41.39619],[-81.62958,41.3959],[-81.62949,41.39541],[-81.62945,41.39508],[-81.62947,41.39493],[-81.62944,41.3948],[-81.62946,41.3946],[-81.62949,41.39431],[-81.62966,41.39406],[-81.6297,41.394],[-81.62967,41.39375],[-81.62957,41.39374],[-81.62947,41.39373],[-81.62919,41.39371],[-81.62923,41.39362],[-81.62937,41.39341],[-81.6294,41.39325],[-81.62932,41.39299],[-81.62923,41.39284],[-81.62908,41.39275],[-81.62858,41.39263],[-81.62835,41.39246],[-81.6282,41.3923],[-81.62806,41.39186],[-81.62797,41.39153],[-81.62802,41.39116],[-81.62811,41.39087],[-81.62824,41.39058],[-81.62841,41.39031],[-81.62864,41.39011],[-81.62886,41.39004],[-81.62911,41.38996],[-81.62945,41.38985],[-81.62978,41.38968],[-81.62988,41.38961],[-81.62985,41.38946],[-81.62977,41.38929],[-81.62952,41.38889],[-81.62903,41.38818],[-81.62878,41.38784],[-81.62813,41.38696],[-81.62772,41.38658],[-81.62704,41.38681],[-81.62669,41.38739],[-81.62603,41.38774],[-81.62485,41.38777],[-81.62451,41.38769],[-81.62418,41.38753],[-81.62409,41.3872],[-81.62425,41.38695],[-81.62485,41.38682],[-81.62535,41.38669],[-81.62616,41.38632],[-81.62638,41.38569],[-81.62617,41.38505],[-81.62539,41.38464],[-81.62485,41.3842],[-81.62437,41.38365],[-81.62334,41.38274],[-81.62311,41.38266],[-81.62307,41.38265],[-81.62257,41.38289],[-81.62212,41.38327],[-81.62135,41.38371],[-81.62063,41.38389],[-81.62016,41.38376],[-81.61997,41.38294],[-81.62001,41.38156],[-81.61996,41.38107],[-81.61993,41.38083],[-81.6197,41.38051],[-81.61956,41.38048],[-81.61894,41.38032],[-81.61807,41.38033],[-81.61736,41.38048],[-81.61654,41.38086],[-81.61583,41.38102],[-81.61503,41.38099],[-81.61448,41.38081],[-81.61393,41.38044],[-81.61256,41.37939],[-81.6118,41.37853],[-81.61171,41.37823],[-81.61184,41.37794],[-81.61241,41.37752],[-81.61274,41.37725],[-81.61279,41.3769],[-81.6126,41.3762],[-81.61245,41.37505],[-81.61245,41.37471],[-81.61265,41.37413],[-81.61322,41.3738],[-81.61377,41.37358],[-81.61472,41.37326],[-81.61479,41.37323],[-81.61558,41.37266],[-81.61559,41.37213],[-81.61549,41.37165],[-81.61471,41.37088],[-81.61419,41.36979],[-81.61381,41.36834],[-81.61334,41.36689],[-81.61279,41.36594],[-81.61272,41.36579],[-81.61248,41.36529],[-81.61208,41.36484],[-81.61172,41.36452],[-81.61123,41.36425],[-81.61008,41.36398],[-81.60928,41.3637],[-81.60859,41.36342],[-81.60744,41.36333],[-81.60704,41.36323],[-81.60671,41.36294],[-81.60656,41.36257],[-81.6064,41.36203],[-81.60621,41.36174],[-81.60591,41.36162],[-81.60526,41.36156],[-81.60453,41.36167],[-81.6038,41.36191],[-81.60293,41.362],[-81.60207,41.36179],[-81.60126,41.36149],[-81.60064,41.36115],[-81.60045,41.36075],[-81.60018,41.36046],[-81.59985,41.36004],[-81.59955,41.35953],[-81.59923,41.35901],[-81.59915,41.35847],[-81.59846,41.35794],[-81.5979,41.3574],[-81.59771,41.35693],[-81.59767,41.35683],[-81.5977,41.35673],[-81.59774,41.35656],[-81.59799,41.35632],[-81.59793,41.35594],[-81.597,41.35536],[-81.59678,41.35447],[-81.59708,41.35373],[-81.59709,41.35282],[-81.59769,41.35232],[-81.59811,41.35186],[-81.59805,41.35122],[-81.59805,41.35116],[-81.59793,41.35115],[-81.59237,41.35113],[-81.59222,41.35113],[-81.58972,41.35117],[-81.58941,41.35113],[-81.58932,41.35113],[-81.58876,41.35113],[-81.58525,41.35109],[-81.58525,41.35124],[-81.58524,41.35147],[-81.58524,41.35166],[-81.58522,41.35265],[-81.58521,41.35306],[-81.58493,41.35822],[-81.58488,41.36698],[-81.58485,41.37177],[-81.58485,41.37196],[-81.58486,41.37206],[-81.58489,41.37287],[-81.58486,41.37523],[-81.58485,41.37565],[-81.58476,41.38332],[-81.58475,41.38455],[-81.58603,41.38593],[-81.58732,41.38709],[-81.5879,41.38762],[-81.58786,41.38889],[-81.58781,41.39053],[-81.58779,41.39125],[-81.58769,41.3912],[-81.58744,41.39169],[-81.5859,41.39166],[-81.58478,41.39164],[-81.58476,41.39253],[-81.58471,41.39482],[-81.58457,41.39599],[-81.58468,41.39691],[-81.5847,41.39835],[-81.58467,41.39846],[-81.58467,41.39853],[-81.58467,41.39911],[-81.58467,41.39942],[-81.58467,41.39951],[-81.58466,41.40001],[-81.58465,41.40034],[-81.58464,41.40076],[-81.58464,41.40126],[-81.58462,41.40216],[-81.58469,41.40402],[-81.58468,41.40414],[-81.58463,41.40491],[-81.58475,41.40549],[-81.58473,41.4057],[-81.58466,41.40659],[-81.58458,41.40732],[-81.5846,41.40826],[-81.58454,41.41185],[-81.58454,41.41273],[-81.58451,41.41432],[-81.58444,41.41709],[-81.58438,41.41983],[-81.58436,41.42241],[-81.58436,41.42265],[-81.58386,41.42285],[-81.58358,41.42297],[-81.58325,41.42311],[-81.58291,41.42326],[-81.58263,41.42337],[-81.58186,41.4237],[-81.58166,41.42377],[-81.58131,41.4239],[-81.58095,41.42403],[-81.58052,41.42415],[-81.5801,41.42427],[-81.581,41.42425],[-81.58238,41.42423],[-81.58175,41.42463],[-81.5812,41.4249],[-81.58076,41.4251],[-81.58012,41.42529],[-81.57999,41.42533],[-81.57977,41.42539],[-81.57965,41.42541],[-81.57999,41.42604],[-81.58029,41.42655],[-81.58036,41.42667],[-81.58039,41.42672],[-81.58046,41.42682],[-81.58059,41.42698],[-81.58075,41.42717],[-81.58096,41.42739],[-81.58117,41.42757],[-81.58138,41.42772],[-81.58153,41.42783],[-81.58174,41.42794],[-81.5819,41.42802],[-81.5822,41.42817],[-81.58253,41.42828],[-81.58281,41.42836],[-81.58304,41.4284],[-81.58325,41.42845],[-81.58345,41.42848],[-81.58374,41.4285],[-81.58398,41.42852],[-81.58423,41.42853],[-81.58449,41.42852],[-81.58448,41.42936],[-81.58447,41.43015],[-81.58382,41.43017],[-81.58381,41.43044],[-81.58298,41.43043],[-81.58297,41.43086],[-81.5826,41.43086],[-81.58259,41.43158],[-81.58265,41.43159],[-81.58265,41.43288],[-81.58175,41.43288],[-81.58175,41.43335],[-81.58176,41.43499],[-81.58176,41.43505],[-81.58326,41.43505],[-81.58366,41.43475],[-81.58397,41.43478],[-81.58434,41.4347],[-81.5845,41.43438],[-81.5846,41.43422],[-81.5847,41.43416],[-81.58479,41.43415],[-81.58516,41.43427],[-81.58544,41.43428],[-81.58575,41.43433],[-81.58598,41.43443],[-81.58612,41.43422],[-81.58616,41.43409],[-81.58629,41.434],[-81.58642,41.43398],[-81.58648,41.43404],[-81.58652,41.43415],[-81.58648,41.43423],[-81.58659,41.43429],[-81.58672,41.43432],[-81.58687,41.43417],[-81.58703,41.43414],[-81.5872,41.43425],[-81.5873,41.43426],[-81.58746,41.43419],[-81.58756,41.43401],[-81.58776,41.43393],[-81.58792,41.43378],[-81.58812,41.43361],[-81.58825,41.43341],[-81.58842,41.43332],[-81.58882,41.43328],[-81.58931,41.43297],[-81.59016,41.43266],[-81.59092,41.43256],[-81.59105,41.4325],[-81.5912,41.43233],[-81.59151,41.43226],[-81.59179,41.4324],[-81.59208,41.43239],[-81.59257,41.43231],[-81.59278,41.43232],[-81.59278,41.4318],[-81.59282,41.42922],[-81.59698,41.43062],[-81.59746,41.43073],[-81.59877,41.43086],[-81.59922,41.43091],[-81.59948,41.43093],[-81.60855,41.43612],[-81.61216,41.43816],[-81.61531,41.43991],[-81.61525,41.43941],[-81.61514,41.43806],[-81.61517,41.43634],[-81.6152,41.43566],[-81.61523,41.435],[-81.61435,41.43501],[-81.61393,41.43438],[-81.61526,41.43435],[-81.61527,41.43427],[-81.61541,41.43427],[-81.61764,41.4343],[-81.6189,41.43429],[-81.61924,41.43429],[-81.61934,41.43428],[-81.61952,41.43453],[-81.6198,41.43453],[-81.6198,41.43466],[-81.61989,41.43466],[-81.6199,41.43474],[-81.62034,41.43474],[-81.62035,41.43464],[-81.62108,41.43464],[-81.62272,41.43463],[-81.62474,41.43459],[-81.62474,41.43463],[-81.62475,41.43471],[-81.62484,41.4347],[-81.62483,41.43463],[-81.62499,41.43462],[-81.62999,41.43476],[-81.63023,41.43418],[-81.63071,41.43417],[-81.63098,41.43417],[-81.63124,41.43416],[-81.63125,41.43458],[-81.63311,41.43456],[-81.63325,41.43455],[-81.63325,41.43415],[-81.63339,41.43417],[-81.63502,41.43417],[-81.63517,41.43416],[-81.63566,41.43416],[-81.63544,41.43481],[-81.63554,41.43506],[-81.63585,41.43575],[-81.63567,41.43595],[-81.63548,41.43616],[-81.63434,41.4374],[-81.63408,41.43843],[-81.63341,41.43864],[-81.63332,41.44046],[-81.63331,41.44057],[-81.6333,41.44141],[-81.63454,41.4414],[-81.63544,41.4408],[-81.63612,41.43974],[-81.63709,41.43971],[-81.63724,41.43971],[-81.64027,41.43826],[-81.64844,41.43468],[-81.64909,41.43439],[-81.64929,41.43525],[-81.64939,41.43577],[-81.64944,41.43609],[-81.6495,41.43644],[-81.64968,41.43894],[-81.64974,41.43895],[-81.64988,41.43898],[-81.64992,41.43931],[-81.65002,41.4398],[-81.65013,41.44019],[-81.65029,41.44068],[-81.65042,41.44101],[-81.65044,41.44107],[-81.65062,41.44108],[-81.65105,41.44099],[-81.65147,41.44217],[-81.65104,41.44231],[-81.65111,41.44244],[-81.65122,41.44261],[-81.65135,41.44279],[-81.65203,41.44372],[-81.65338,41.4438],[-81.65614,41.44393],[-81.65915,41.44409],[-81.6624,41.44427],[-81.66827,41.44461],[-81.66907,41.44471],[-81.66973,41.44482],[-81.6702,41.44493],[-81.6706,41.44507],[-81.67092,41.44522],[-81.67143,41.44547],[-81.67179,41.44568],[-81.67203,41.44588],[-81.67233,41.44619],[-81.6728,41.44673],[-81.67315,41.44728],[-81.67331,41.44764],[-81.6735,41.44764],[-81.67373,41.44763],[-81.67429,41.44761],[-81.67732,41.44756],[-81.68183,41.44743],[-81.68283,41.44737],[-81.68344,41.44735],[-81.68397,41.44734],[-81.68451,41.44734],[-81.68463,41.44735]]]},"properties":{"ZCTA5":"44125","GEOID":"44125","CENTLAT":"+41.4065908","CENTLON":"-081.6154664"}},{"type":"Feature","geometry":{"type":"Polygon","coordinates":[[[-81.58528,41.45656],[-81.58527,41.4561],[-81.58509,41.4561],[-81.5851,41.45586],[-81.5851,41.45573],[-81.5851,41.45564],[-81.58512,41.45563],[-81.58511,41.4553],[-81.58511,41.45523],[-81.58521,41.45523],[-81.5852,41.45435],[-81.58463,41.45436],[-81.58461,41.45345],[-81.5846,41.45298],[-81.5846,41.45279],[-81.58459,41.45225],[-81.58459,41.45212],[-81.58459,41.45149],[-81.58459,41.45143],[-81.58456,41.45072],[-81.58403,41.45071],[-81.58403,41.44995],[-81.58403,41.44909],[-81.58441,41.44909],[-81.58456,41.44909],[-81.5845,41.44545],[-81.584,41.44534],[-81.58288,41.44503],[-81.58181,41.44476],[-81.58072,41.44445],[-81.57977,41.4442],[-81.57977,41.44406],[-81.57977,41.44305],[-81.57977,41.443],[-81.58422,41.44394],[-81.58446,41.44332],[-81.584,41.44323],[-81.584,41.44233],[-81.58502,41.44231],[-81.58501,41.44185],[-81.58454,41.44178],[-81.58453,41.44051],[-81.58451,41.43862],[-81.58451,41.43811],[-81.58443,41.43812],[-81.58436,41.43813],[-81.58409,41.43819],[-81.58394,41.43819],[-81.58288,41.4382],[-81.58177,41.43821],[-81.58179,41.43747],[-81.58179,41.43674],[-81.58178,41.43601],[-81.58177,41.43573],[-81.58176,41.43505],[-81.58176,41.43499],[-81.58175,41.43335],[-81.58175,41.43288],[-81.58265,41.43288],[-81.58265,41.43159],[-81.58259,41.43158],[-81.5826,41.43086],[-81.58297,41.43086],[-81.58298,41.43043],[-81.58381,41.43044],[-81.58382,41.43017],[-81.58447,41.43015],[-81.58448,41.42936],[-81.58449,41.42852],[-81.58423,41.42853],[-81.58398,41.42852],[-81.58374,41.4285],[-81.58345,41.42848],[-81.58325,41.42845],[-81.58304,41.4284],[-81.58281,41.42836],[-81.58253,41.42828],[-81.5822,41.42817],[-81.5819,41.42802],[-81.58174,41.42794],[-81.58153,41.42783],[-81.58138,41.42772],[-81.58117,41.42757],[-81.58096,41.42739],[-81.58075,41.42717],[-81.58059,41.42698],[-81.58046,41.42682],[-81.58039,41.42672],[-81.58036,41.42667],[-81.58029,41.42655],[-81.57999,41.42604],[-81.57965,41.42541],[-81.57977,41.42539],[-81.57999,41.42533],[-81.58012,41.42529],[-81.58076,41.4251],[-81.5812,41.4249],[-81.58175,41.42463],[-81.58238,41.42423],[-81.581,41.42425],[-81.5801,41.42427],[-81.57925,41.42427],[-81.57911,41.42427],[-81.57892,41.42427],[-81.57866,41.42427],[-81.57698,41.42424],[-81.5765,41.42425],[-81.57359,41.42424],[-81.57202,41.42424],[-81.57179,41.42425],[-81.57126,41.42426],[-81.57125,41.42384],[-81.57083,41.42379],[-81.57051,41.42377],[-81.56972,41.4236],[-81.56949,41.42348],[-81.56928,41.42342],[-81.56912,41.42338],[-81.56871,41.42322],[-81.56849,41.42311],[-81.56813,41.42289],[-81.56801,41.42284],[-81.56774,41.42269],[-81.56754,41.42261],[-81.56732,41.42259],[-81.56709,41.42261],[-81.56696,41.42266],[-81.56663,41.42285],[-81.56638,41.42304],[-81.56614,41.42314],[-81.56574,41.4235],[-81.5654,41.42357],[-81.56498,41.42358],[-81.56494,41.42381],[-81.5649,41.42416],[-81.56488,41.42431],[-81.5611,41.42432],[-81.56053,41.42435],[-81.55987,41.42436],[-81.55428,41.42434],[-81.54947,41.42432],[-81.54536,41.42432],[-81.54137,41.42432],[-81.5403,41.42431],[-81.53847,41.42428],[-81.5376,41.42427],[-81.53732,41.42429],[-81.53731,41.42432],[-81.5373,41.42441],[-81.53729,41.42453],[-81.53727,41.42461],[-81.53725,41.42474],[-81.53721,41.42493],[-81.53717,41.42512],[-81.53708,41.42554],[-81.53686,41.42648],[-81.53677,41.42678],[-81.53636,41.42841],[-81.53632,41.42857],[-81.53202,41.42696],[-81.52682,41.42499],[-81.52693,41.42471],[-81.52694,41.42468],[-81.5271,41.4242],[-81.52467,41.42419],[-81.52449,41.42421],[-81.52322,41.42422],[-81.52338,41.42419],[-81.52373,41.42414],[-81.52414,41.42409],[-81.52433,41.42407],[-81.52408,41.42397],[-81.524,41.42395],[-81.52305,41.42359],[-81.51254,41.41962],[-81.50879,41.4182],[-81.50881,41.4183],[-81.50883,41.41838],[-81.50885,41.41847],[-81.50903,41.41926],[-81.50908,41.41961],[-81.50914,41.41998],[-81.50919,41.42055],[-81.5092,41.42098],[-81.5092,41.42167],[-81.50919,41.42201],[-81.50916,41.42238],[-81.50914,41.42276],[-81.50909,41.42311],[-81.50902,41.42349],[-81.50895,41.42385],[-81.50886,41.42423],[-81.50846,41.42423],[-81.50733,41.42424],[-81.50678,41.42424],[-81.50544,41.42425],[-81.50352,41.42426],[-81.50332,41.42426],[-81.5023,41.42426],[-81.50203,41.42426],[-81.50149,41.42426],[-81.49793,41.42425],[-81.49594,41.42425],[-81.49497,41.42426],[-81.49418,41.42426],[-81.49324,41.42426],[-81.4887,41.42427],[-81.48859,41.42635],[-81.48859,41.42648],[-81.48858,41.42664],[-81.48848,41.42862],[-81.48843,41.42906],[-81.48842,41.42943],[-81.4884,41.43029],[-81.48841,41.43158],[-81.48841,41.43304],[-81.48841,41.43315],[-81.48839,41.43339],[-81.48839,41.43508],[-81.48838,41.43852],[-81.4884,41.44272],[-81.48853,41.44272],[-81.48967,41.44271],[-81.49197,41.44268],[-81.49389,41.44266],[-81.49421,41.4427],[-81.49478,41.44166],[-81.49539,41.44068],[-81.49593,41.43989],[-81.49627,41.43941],[-81.49645,41.43915],[-81.49693,41.43853],[-81.49752,41.4378],[-81.49784,41.43741],[-81.49783,41.43774],[-81.49783,41.43813],[-81.49783,41.43948],[-81.4979,41.43958],[-81.4979,41.43978],[-81.49789,41.44251],[-81.4979,41.44333],[-81.49863,41.44328],[-81.49931,41.44315],[-81.50003,41.44292],[-81.50049,41.44262],[-81.50069,41.44224],[-81.50097,41.44214],[-81.50122,41.44216],[-81.50144,41.4421],[-81.50166,41.44193],[-81.50187,41.44197],[-81.50225,41.44264],[-81.5027,41.44346],[-81.50316,41.44393],[-81.50379,41.44435],[-81.50397,41.44477],[-81.50389,41.44561],[-81.50378,41.44637],[-81.50366,41.44691],[-81.50366,41.44977],[-81.50466,41.44987],[-81.50495,41.4499],[-81.517,41.45092],[-81.51699,41.44977],[-81.51701,41.44868],[-81.51785,41.44867],[-81.51888,41.44868],[-81.52032,41.44892],[-81.52096,41.44901],[-81.5215,41.44906],[-81.52211,41.44906],[-81.52298,41.44896],[-81.5233,41.44892],[-81.526,41.44889],[-81.52679,41.44878],[-81.52735,41.44879],[-81.52746,41.44882],[-81.52753,41.44866],[-81.52753,41.44848],[-81.52775,41.44808],[-81.52791,41.44763],[-81.52825,41.44704],[-81.52842,41.44697],[-81.52866,41.44686],[-81.5288,41.4467],[-81.5289,41.44662],[-81.529,41.44661],[-81.52948,41.44673],[-81.52966,41.44675],[-81.52974,41.44671],[-81.52978,41.44668],[-81.52978,41.44656],[-81.53016,41.44629],[-81.53032,41.44622],[-81.5305,41.4462],[-81.5308,41.44622],[-81.53091,41.44619],[-81.53098,41.44614],[-81.53104,41.44602],[-81.53118,41.44591],[-81.53126,41.44586],[-81.53151,41.44581],[-81.53156,41.44577],[-81.53162,41.44585],[-81.53198,41.44643],[-81.53212,41.44671],[-81.53228,41.44665],[-81.53215,41.44639],[-81.53199,41.44612],[-81.53185,41.44593],[-81.53171,41.44575],[-81.53177,41.44574],[-81.5319,41.44574],[-81.53205,41.4458],[-81.53216,41.44586],[-81.5324,41.44596],[-81.53247,41.44598],[-81.53264,41.44595],[-81.53316,41.44582],[-81.5333,41.44582],[-81.53334,41.44578],[-81.53351,41.44576],[-81.53426,41.44575],[-81.53472,41.44591],[-81.53525,41.44595],[-81.53545,41.44601],[-81.53551,41.44606],[-81.53577,41.44669],[-81.53581,41.44682],[-81.53582,41.44697],[-81.53588,41.44708],[-81.53598,41.44714],[-81.53609,41.44715],[-81.53609,41.44674],[-81.53608,41.44525],[-81.53609,41.44472],[-81.53661,41.44472],[-81.53694,41.44466],[-81.53716,41.44457],[-81.53738,41.44442],[-81.53784,41.44437],[-81.53848,41.44437],[-81.53848,41.44398],[-81.53854,41.44377],[-81.53862,41.44358],[-81.53873,41.4434],[-81.5389,41.44324],[-81.53904,41.44335],[-81.53924,41.44345],[-81.53918,41.44354],[-81.53913,41.44372],[-81.53921,41.44418],[-81.53921,41.44441],[-81.53917,41.44451],[-81.53907,41.4447],[-81.53894,41.44482],[-81.53874,41.44495],[-81.53857,41.4451],[-81.53855,41.44511],[-81.5386,41.44514],[-81.53912,41.44514],[-81.53992,41.44514],[-81.53992,41.44547],[-81.54002,41.44547],[-81.54002,41.44552],[-81.54038,41.44552],[-81.54034,41.44586],[-81.54553,41.44586],[-81.54566,41.44586],[-81.54567,41.44241],[-81.54609,41.44241],[-81.54625,41.44247],[-81.54664,41.44247],[-81.54669,41.44288],[-81.54969,41.44295],[-81.55044,41.44269],[-81.5505,41.4429],[-81.55182,41.4429],[-81.55183,41.44366],[-81.55135,41.44366],[-81.55135,41.44414],[-81.5515,41.44444],[-81.55149,41.44456],[-81.5512,41.44464],[-81.55119,41.44529],[-81.55119,41.44543],[-81.55112,41.44559],[-81.55113,41.44583],[-81.55094,41.44584],[-81.55064,41.44584],[-81.55064,41.44696],[-81.55064,41.44892],[-81.55064,41.44984],[-81.55097,41.44984],[-81.55097,41.45028],[-81.55206,41.45026],[-81.55252,41.45078],[-81.55245,41.45352],[-81.55252,41.45358],[-81.55252,41.45634],[-81.55238,41.45635],[-81.55199,41.45635],[-81.55097,41.45637],[-81.55097,41.45674],[-81.5509,41.4572],[-81.55413,41.45721],[-81.5555,41.45721],[-81.55899,41.45717],[-81.5649,41.45718],[-81.56853,41.45715],[-81.57188,41.45716],[-81.5725,41.45716],[-81.5725,41.45755],[-81.57308,41.45756],[-81.57432,41.45755],[-81.57554,41.45754],[-81.57712,41.45752],[-81.57858,41.45752],[-81.58013,41.45751],[-81.58133,41.45751],[-81.58231,41.4575],[-81.58327,41.45751],[-81.58464,41.4575],[-81.58527,41.45749],[-81.58528,41.45656]]]},"properties":{"ZCTA5":"44128","GEOID":"44128","CENTLAT":"+41.4376778","CENTLON":"-081.5403110"}},{"type":"Feature","geometry":{"type":"Polygon","coordinates":[[[-81.84906,41.38495],[-81.84886,41.38375],[-81.84903,41.37992],[-81.84904,41.37952],[-81.84679,41.37946],[-81.84337,41.37937],[-81.8434,41.3789],[-81.84344,41.37801],[-81.83997,41.37785],[-81.84003,41.37525],[-81.84071,41.37525],[-81.84072,41.37465],[-81.84083,41.37235],[-81.84076,41.37235],[-81.8403,41.37233],[-81.84022,41.37226],[-81.84031,41.36976],[-81.84042,41.36977],[-81.84045,41.36927],[-81.84046,41.36921],[-81.83978,41.36921],[-81.83973,41.36921],[-81.83973,41.36912],[-81.83896,41.3691],[-81.83898,41.3683],[-81.839,41.36771],[-81.83766,41.36768],[-81.83768,41.36738],[-81.83835,41.36737],[-81.83846,41.36525],[-81.83849,41.36475],[-81.83791,41.36475],[-81.83785,41.36475],[-81.83785,41.3641],[-81.8379,41.36405],[-81.83865,41.36415],[-81.83865,41.36349],[-81.83862,41.3622],[-81.83869,41.36098],[-81.83958,41.3609],[-81.84137,41.3609],[-81.84148,41.3609],[-81.84164,41.3609],[-81.84167,41.36015],[-81.84168,41.35967],[-81.84168,41.35965],[-81.84168,41.35958],[-81.84175,41.35961],[-81.84213,41.35914],[-81.84315,41.35787],[-81.84337,41.35772],[-81.84364,41.35759],[-81.84398,41.35749],[-81.84196,41.35717],[-81.83965,41.35776],[-81.83653,41.35673],[-81.83552,41.35683],[-81.83451,41.35581],[-81.8326,41.3557],[-81.83695,41.35219],[-81.83891,41.35062],[-81.83333,41.35073],[-81.83304,41.3507],[-81.83211,41.3507],[-81.83077,41.3507],[-81.82937,41.3507],[-81.82747,41.3507],[-81.82577,41.3507],[-81.82451,41.35072],[-81.8228,41.3507],[-81.8218,41.35071],[-81.82083,41.35072],[-81.82027,41.35072],[-81.81983,41.35072],[-81.81817,41.35072],[-81.81801,41.35072],[-81.81786,41.35072],[-81.81756,41.35072],[-81.81627,41.35073],[-81.81417,41.35073],[-81.81087,41.35072],[-81.80955,41.35074],[-81.80633,41.35069],[-81.80408,41.35072],[-81.8009,41.35075],[-81.8005,41.35075],[-81.7982,41.35073],[-81.79118,41.35075],[-81.78999,41.35073],[-81.78801,41.35071],[-81.78755,41.35071],[-81.78506,41.3507],[-81.78306,41.3507],[-81.78158,41.3507],[-81.77975,41.3507],[-81.77704,41.35072],[-81.77628,41.35072],[-81.77547,41.35072],[-81.77387,41.35072],[-81.75973,41.35074],[-81.75646,41.35075],[-81.75537,41.35074],[-81.75463,41.35074],[-81.75396,41.35073],[-81.75276,41.35086],[-81.75195,41.35109],[-81.7487,41.35252],[-81.748,41.35266],[-81.7475,41.35276],[-81.74722,41.35276],[-81.74721,41.35341],[-81.7472,41.35493],[-81.74652,41.35491],[-81.74651,41.35507],[-81.74499,41.35506],[-81.74148,41.35504],[-81.74059,41.35503],[-81.74059,41.35566],[-81.74059,41.3573],[-81.74068,41.35797],[-81.74055,41.35797],[-81.73941,41.35797],[-81.73918,41.35797],[-81.73921,41.35869],[-81.73924,41.3595],[-81.73938,41.35949],[-81.73974,41.35996],[-81.73997,41.36008],[-81.73984,41.36023],[-81.73975,41.36034],[-81.74021,41.36058],[-81.74051,41.36058],[-81.74057,41.36062],[-81.74065,41.36075],[-81.74066,41.36093],[-81.74061,41.36104],[-81.74037,41.3612],[-81.74015,41.36128],[-81.74007,41.36132],[-81.74008,41.36139],[-81.74045,41.3617],[-81.74054,41.36188],[-81.74056,41.3621],[-81.74054,41.36218],[-81.74049,41.36222],[-81.74038,41.36227],[-81.74007,41.36234],[-81.73975,41.36244],[-81.73956,41.36254],[-81.73948,41.36263],[-81.73948,41.36278],[-81.73951,41.36283],[-81.73967,41.36293],[-81.74029,41.36313],[-81.74047,41.36324],[-81.74051,41.36336],[-81.74061,41.36389],[-81.74064,41.36406],[-81.74058,41.36442],[-81.74052,41.3646],[-81.74046,41.3648],[-81.74035,41.36499],[-81.7414,41.365],[-81.74141,41.36492],[-81.7422,41.36492],[-81.74313,41.36492],[-81.74313,41.36605],[-81.74513,41.36605],[-81.74513,41.36482],[-81.74573,41.36483],[-81.74573,41.36504],[-81.74587,41.3654],[-81.74587,41.36646],[-81.7461,41.36679],[-81.74624,41.36693],[-81.74647,41.36738],[-81.7465,41.36755],[-81.74651,41.3693],[-81.74632,41.37003],[-81.74685,41.37007],[-81.74716,41.37013],[-81.7473,41.3701],[-81.74753,41.37011],[-81.74792,41.37025],[-81.74819,41.37041],[-81.74843,41.3705],[-81.74849,41.3705],[-81.74868,41.37036],[-81.74871,41.37033],[-81.74886,41.37032],[-81.74888,41.37036],[-81.74928,41.37091],[-81.74721,41.37112],[-81.74721,41.37159],[-81.74721,41.37191],[-81.7472,41.37227],[-81.7472,41.37314],[-81.7472,41.37395],[-81.74719,41.37847],[-81.74719,41.37854],[-81.74718,41.37856],[-81.74717,41.37862],[-81.74714,41.37896],[-81.74714,41.37971],[-81.7471,41.38053],[-81.74708,41.38109],[-81.74701,41.3829],[-81.74694,41.38454],[-81.7459,41.38454],[-81.74462,41.38454],[-81.74444,41.38454],[-81.74447,41.38722],[-81.74449,41.39228],[-81.74452,41.39474],[-81.74535,41.39476],[-81.74523,41.39867],[-81.74531,41.40271],[-81.74531,41.40387],[-81.74531,41.40402],[-81.7442,41.40488],[-81.74563,41.40488],[-81.74573,41.40488],[-81.74564,41.40512],[-81.74558,41.40518],[-81.74549,41.40523],[-81.74527,41.4053],[-81.74469,41.40538],[-81.74451,41.40542],[-81.74435,41.40548],[-81.74425,41.40555],[-81.74418,41.40564],[-81.74413,41.40575],[-81.74414,41.40593],[-81.74425,41.40609],[-81.74427,41.40617],[-81.74427,41.40631],[-81.74433,41.40638],[-81.74441,41.40644],[-81.74479,41.40668],[-81.7449,41.40679],[-81.74517,41.40706],[-81.7453,41.40711],[-81.74566,41.40717],[-81.74586,41.40723],[-81.74661,41.40739],[-81.74686,41.4074],[-81.74699,41.40739],[-81.7472,41.40733],[-81.74734,41.40727],[-81.74761,41.40706],[-81.74796,41.40693],[-81.74816,41.40688],[-81.74849,41.40684],[-81.74883,41.40683],[-81.7494,41.4067],[-81.74956,41.40671],[-81.74985,41.40681],[-81.75001,41.40691],[-81.75009,41.40704],[-81.75018,41.40725],[-81.7502,41.40763],[-81.75024,41.40767],[-81.75032,41.40769],[-81.75073,41.40763],[-81.7509,41.40764],[-81.75107,41.40769],[-81.75114,41.40776],[-81.75118,41.40783],[-81.75118,41.40789],[-81.7511,41.40805],[-81.75101,41.40815],[-81.75097,41.40824],[-81.75098,41.40837],[-81.75102,41.40846],[-81.75116,41.4086],[-81.75127,41.40885],[-81.75142,41.40895],[-81.75171,41.40897],[-81.75186,41.40893],[-81.75198,41.40888],[-81.75208,41.40881],[-81.75234,41.40846],[-81.75254,41.40835],[-81.75266,41.40832],[-81.75295,41.40831],[-81.75304,41.40834],[-81.75311,41.40838],[-81.75322,41.40855],[-81.7533,41.40854],[-81.75348,41.40855],[-81.75374,41.40862],[-81.75413,41.40879],[-81.75431,41.40883],[-81.75459,41.40889],[-81.75499,41.40889],[-81.75496,41.40894],[-81.75483,41.40931],[-81.75475,41.40964],[-81.75456,41.41022],[-81.75445,41.41044],[-81.75423,41.41069],[-81.75404,41.41086],[-81.75361,41.41127],[-81.75353,41.41143],[-81.75357,41.41168],[-81.75372,41.41209],[-81.75396,41.41248],[-81.75407,41.41265],[-81.75419,41.41296],[-81.75437,41.41322],[-81.75467,41.41406],[-81.7547,41.41441],[-81.7547,41.41464],[-81.75463,41.41494],[-81.75419,41.41572],[-81.75417,41.41584],[-81.75419,41.41595],[-81.7543,41.41621],[-81.75435,41.41646],[-81.75424,41.41707],[-81.75426,41.41728],[-81.75431,41.4174],[-81.75468,41.41794],[-81.75512,41.41848],[-81.75514,41.4185],[-81.75597,41.41964],[-81.75609,41.41982],[-81.75627,41.42022],[-81.75636,41.4205],[-81.75647,41.42078],[-81.75654,41.42089],[-81.75674,41.42106],[-81.75684,41.42117],[-81.757,41.42154],[-81.75926,41.42163],[-81.76908,41.42176],[-81.76949,41.42177],[-81.76961,41.42177],[-81.77067,41.42179],[-81.77141,41.4218],[-81.77463,41.42182],[-81.77602,41.42184],[-81.77612,41.4218],[-81.77707,41.42144],[-81.7778,41.42118],[-81.77833,41.42103],[-81.77889,41.42088],[-81.77932,41.42078],[-81.77981,41.42067],[-81.78029,41.42056],[-81.78036,41.4201],[-81.78038,41.42001],[-81.78051,41.41947],[-81.78061,41.41921],[-81.78077,41.41879],[-81.78094,41.41845],[-81.78116,41.41845],[-81.78123,41.41833],[-81.78133,41.41811],[-81.78145,41.41791],[-81.7816,41.4177],[-81.78173,41.41755],[-81.78202,41.41723],[-81.78273,41.41672],[-81.78322,41.4163],[-81.78356,41.41583],[-81.78376,41.41543],[-81.78389,41.41505],[-81.78404,41.41102],[-81.78404,41.41097],[-81.7841,41.40738],[-81.78418,41.40513],[-81.7842,41.40404],[-81.78426,41.40228],[-81.78429,41.40141],[-81.78432,41.40055],[-81.78432,41.40025],[-81.78434,41.39953],[-81.78434,41.39857],[-81.7844,41.39664],[-81.78443,41.39494],[-81.78443,41.3938],[-81.78443,41.39365],[-81.78443,41.39351],[-81.78446,41.3925],[-81.78448,41.39204],[-81.78454,41.39036],[-81.78454,41.39002],[-81.78456,41.38897],[-81.78456,41.38805],[-81.78456,41.38755],[-81.78771,41.38781],[-81.7887,41.38789],[-81.79096,41.388],[-81.79303,41.38814],[-81.79394,41.38818],[-81.79483,41.38818],[-81.79495,41.38819],[-81.79868,41.38827],[-81.79937,41.38827],[-81.80041,41.38827],[-81.80052,41.38815],[-81.8009,41.38774],[-81.80109,41.38752],[-81.80171,41.38769],[-81.80222,41.38787],[-81.80272,41.38729],[-81.80283,41.3866],[-81.80488,41.3864],[-81.80488,41.38664],[-81.80486,41.38689],[-81.80484,41.38719],[-81.80484,41.38843],[-81.80615,41.38847],[-81.80703,41.38849],[-81.81024,41.38854],[-81.81031,41.38854],[-81.81324,41.38864],[-81.81455,41.38867],[-81.81578,41.3887],[-81.81658,41.38873],[-81.81678,41.38874],[-81.81865,41.3888],[-81.81962,41.3888],[-81.82048,41.38882],[-81.82101,41.38884],[-81.82148,41.38885],[-81.82193,41.38886],[-81.82371,41.38888],[-81.82374,41.38888],[-81.82652,41.38891],[-81.83505,41.38916],[-81.83789,41.38925],[-81.83915,41.38929],[-81.84178,41.3894],[-81.84273,41.38943],[-81.84286,41.38934],[-81.84906,41.38495]]]},"properties":{"ZCTA5":"44130","GEOID":"44130","CENTLAT":"+41.3780060","CENTLON":"-081.7868362"}},{"type":"Feature","geometry":{"type":"Polygon","coordinates":[[[-81.58786,41.38889],[-81.5879,41.38762],[-81.58732,41.38709],[-81.58603,41.38593],[-81.58475,41.38455],[-81.58197,41.38457],[-81.57501,41.38461],[-81.57503,41.38497],[-81.57502,41.38532],[-81.57503,41.3856],[-81.57277,41.38561],[-81.5727,41.38747],[-81.56559,41.38746],[-81.56563,41.38835],[-81.56555,41.38851],[-81.56555,41.38925],[-81.56557,41.39017],[-81.56558,41.39101],[-81.5656,41.39181],[-81.5656,41.39264],[-81.56561,41.3935],[-81.56561,41.39445],[-81.56562,41.39491],[-81.5645,41.39492],[-81.56186,41.39493],[-81.56129,41.39492],[-81.55696,41.39491],[-81.55639,41.3949],[-81.55601,41.3949],[-81.55603,41.40167],[-81.55603,41.40173],[-81.55603,41.40187],[-81.55604,41.40218],[-81.55604,41.4023],[-81.55604,41.40252],[-81.55604,41.40257],[-81.55609,41.40522],[-81.55639,41.40544],[-81.55648,41.40551],[-81.55474,41.40686],[-81.55468,41.40691],[-81.5534,41.40796],[-81.55351,41.4095],[-81.55351,41.40957],[-81.55016,41.40956],[-81.54875,41.40962],[-81.5483,41.40961],[-81.54741,41.40958],[-81.54723,41.40959],[-81.54643,41.40959],[-81.53722,41.40963],[-81.53196,41.40958],[-81.52732,41.40947],[-81.52732,41.40958],[-81.52732,41.41009],[-81.52733,41.41128],[-81.52734,41.41216],[-81.52735,41.41384],[-81.52735,41.41418],[-81.52737,41.41693],[-81.52737,41.41775],[-81.52737,41.41853],[-81.52737,41.41898],[-81.52737,41.41933],[-81.52737,41.42012],[-81.52737,41.42098],[-81.52737,41.42122],[-81.52737,41.42183],[-81.52737,41.42255],[-81.52737,41.42288],[-81.52738,41.42317],[-81.5285,41.42384],[-81.52884,41.42405],[-81.52896,41.4241],[-81.5307,41.42424],[-81.53238,41.42428],[-81.53316,41.42429],[-81.53561,41.42429],[-81.53605,41.42429],[-81.53722,41.42429],[-81.53732,41.42429],[-81.5376,41.42427],[-81.53847,41.42428],[-81.5403,41.42431],[-81.54137,41.42432],[-81.54536,41.42432],[-81.54947,41.42432],[-81.55428,41.42434],[-81.55987,41.42436],[-81.56053,41.42435],[-81.5611,41.42432],[-81.56488,41.42431],[-81.5649,41.42416],[-81.56494,41.42381],[-81.56498,41.42358],[-81.5654,41.42357],[-81.56574,41.4235],[-81.56614,41.42314],[-81.56638,41.42304],[-81.56663,41.42285],[-81.56696,41.42266],[-81.56709,41.42261],[-81.56732,41.42259],[-81.56754,41.42261],[-81.56774,41.42269],[-81.56801,41.42284],[-81.56813,41.42289],[-81.56849,41.42311],[-81.56871,41.42322],[-81.56912,41.42338],[-81.56928,41.42342],[-81.56949,41.42348],[-81.56972,41.4236],[-81.57051,41.42377],[-81.57083,41.42379],[-81.57125,41.42384],[-81.57126,41.42426],[-81.57179,41.42425],[-81.57202,41.42424],[-81.57359,41.42424],[-81.5765,41.42425],[-81.57698,41.42424],[-81.57866,41.42427],[-81.57892,41.42427],[-81.57911,41.42427],[-81.57925,41.42427],[-81.5801,41.42427],[-81.58052,41.42415],[-81.58095,41.42403],[-81.58131,41.4239],[-81.58166,41.42377],[-81.58186,41.4237],[-81.58263,41.42337],[-81.58291,41.42326],[-81.58325,41.42311],[-81.58358,41.42297],[-81.58386,41.42285],[-81.58436,41.42265],[-81.58436,41.42241],[-81.58438,41.41983],[-81.58444,41.41709],[-81.58451,41.41432],[-81.58454,41.41273],[-81.58454,41.41185],[-81.5846,41.40826],[-81.58458,41.40732],[-81.58466,41.40659],[-81.58473,41.4057],[-81.58475,41.40549],[-81.58463,41.40491],[-81.58468,41.40414],[-81.58469,41.40402],[-81.58462,41.40216],[-81.58464,41.40126],[-81.58464,41.40076],[-81.58465,41.40034],[-81.58466,41.40001],[-81.58467,41.39951],[-81.58467,41.39942],[-81.58467,41.39911],[-81.58467,41.39853],[-81.58467,41.39846],[-81.5847,41.39835],[-81.58468,41.39691],[-81.58457,41.39599],[-81.58471,41.39482],[-81.58476,41.39253],[-81.58478,41.39164],[-81.5859,41.39166],[-81.58744,41.39169],[-81.58769,41.3912],[-81.58779,41.39125],[-81.58781,41.39053],[-81.58786,41.38889]]]},"properties":{"ZCTA5":"44137","GEOID":"44137","CENTLAT":"+41.4090266","CENTLON":"-081.5627616"}}]}
